"","PpsID","cattell_IRT_Score","cattell_IRT_ScoreNorm","ans_IRT_Score","ans_IRT_ScoreNorm","PD_IRT_Score","PD_IRT_ScoreNorm","RJ_IRT_Score","RJ_IRT_ScoreNorm","IRT_Vocab_Score","IRT_Vocab_ScoreNorm"
"1","ID_653",-1.08973468109976,-1.09921617528146,0.716142426976392,0.464849742602886,-0.337617323949223,-0.782388165455515,-1.73284485666255,-2.66791911446084,NA,NA
"2","ID_681",NA,NA,-1.41243961081717,-1.03743052934689,-1.82464381396123,-1.71303366403042,-1.91803864048858,-3.4953539050334,NA,NA
"3","ID_123",-0.0116653674089134,-0.094430259367863,-0.441644461247837,-0.320979227557385,0.388077625957688,0.489470280929446,-0.911369135930803,-2.01727053691623,NA,NA
"4","ID_298",-0.782980523115117,-0.716970127995095,0.394167493967716,0.227338213613976,NA,NA,0.205227242756865,0.363892537041284,NA,NA
"5","ID_353",-1.06360278068312,-1.11503233075986,-0.773259942824937,-0.603567347238253,NA,NA,0.205227242756865,0.363892537041284,NA,NA
"6","ID_56",0.991530158026537,1.05333870100247,-0.917186122756823,-0.704609292736848,0.0239474605144253,0.36625548373727,0.205227242756865,0.363892537041284,NA,NA
"7","ID_420",1.15849308922177,1.36408400986305,-0.10000282310263,-0.131320639562681,NA,NA,0.205227242756865,0.363892537041284,NA,NA
"8","ID_451",0.43608175662687,0.395825269294339,0.268517796976277,0.0236151117347861,-0.484665075311228,-0.126774589754401,0.205227242756865,0.363892537041284,-0.524527792113307,-0.676299838471425
"9","ID_699",0.245523979207362,0.128933675892248,-1.48416769247153,-1.00845990483871,NA,NA,-2.33986364820759,-4.08325514509385,NA,NA
"10","ID_220",1.24549275291575,1.38613705468279,0.309773747302683,0.161698701930205,NA,NA,0.205227242756865,0.363892537041284,NA,NA
"11","ID_243",NA,NA,NA,NA,NA,NA,NA,NA,NA,NA
"12","ID_684",-1.39511139938488,-1.54945041222226,-3.73542136739697,-3.13685579174593,-0.603940290766268,-1.02550457242657,0.205227242756865,0.363892537041284,NA,NA
"13","ID_643",-1.34234822367575,-1.64113859714797,-3.74017315406572,-2.06067803560171,0.266675916628925,0.497403096523168,-0.851836164035041,-1.86645974343551,NA,NA
"14","ID_73",-1.58208377865148,-1.50810977998415,-2.10826697069193,-1.46830127774772,-1.94022310287364,-2.45812053634849,-1.97653606631959,-3.4953539050334,NA,NA
"15","ID_578",0.902799404586456,0.914293889192846,1.01426841733275,0.671967956789139,NA,NA,0.205227242756865,0.363892537041284,NA,NA
"16","ID_117",NA,NA,NA,NA,NA,NA,NA,NA,NA,NA
"17","ID_287",0.820240723552034,0.79100129226452,-0.94731857987808,-0.77227293238026,NA,NA,0.205227242756865,0.363892537041284,NA,NA
"18","ID_351",NA,NA,NA,NA,NA,NA,NA,NA,NA,NA
"19","ID_186",NA,NA,NA,NA,NA,NA,NA,NA,NA,NA
"20","ID_628",-0.0703663635647689,-0.233544244563501,-1.86146668409279,-1.22447365760007,-0.271406161824673,-0.328947091830719,0.205227242756865,0.363892537041284,-4.50838715508587,-1.51963125398025
"21","ID_201",-0.812160783975486,-0.756318699897255,-1.01591939718656,-0.831478936852522,NA,NA,-1.77567887218739,-2.66791911446084,NA,NA
"22","ID_226",1.5568987153292,1.96412923471429,-0.0177067492233497,-0.0665946617686066,0.0287803240372373,0.226700664564355,0.205227242756865,0.363892537041284,0.858139380474136,0.356444426461813
"23","ID_143",1.15849308922177,1.30160944075423,0.331128731662438,0.148662900976292,NA,NA,0.205227242756865,0.363892537041284,NA,NA
"24","ID_184",0.729372476181817,0.773543739323837,1.52538065383597,1.21544127820075,-0.246725375432623,-0.4193706771557,0.205227242756865,0.363892537041284,NA,NA
"25","ID_686",-1.4701154840863,-1.83437794415085,0.515804865848437,0.307447932952326,NA,NA,0.205227242756865,0.363892537041284,NA,NA
"26","ID_266",0.991530158026537,1.03853030797102,0.69612139708611,0.422216162231484,NA,NA,0.205227242756865,0.363892537041284,NA,NA
"27","ID_253",-0.703410310656127,-0.544307050690037,-1.18062251552126,-0.973394856392653,-0.714644109023776,-0.396470887743535,0.205227242756865,0.363892537041284,NA,NA
"28","ID_599",-0.66466451040036,-0.579436866239249,0.612701923829868,0.389583013477438,0.0284823633409725,-0.489470280929446,0.205227242756865,0.363892537041284,-2.90740470138201,-1.91964367117702
"29","ID_492",0.582126119044208,0.559278035210623,-0.233913870411457,-0.205363444656187,-0.104534270969323,0.148047389652518,0.205227242756865,0.363892537041284,NA,NA
"30","ID_563",0.530778102612497,0.409769076019401,0.256817876565029,0.0665946617686065,-0.0411939963727535,-0.497403096523168,NA,NA,NA,NA
"31","ID_262",NA,NA,NA,NA,NA,NA,NA,NA,NA,NA
"32","ID_143",1.14790848666854,1.26262793665195,0.331128731662438,0.170404381875412,NA,NA,0.205227242756865,0.363892537041284,NA,NA
"33","ID_396",NA,NA,NA,NA,NA,NA,NA,NA,NA,NA
"34","ID_465",NA,NA,NA,NA,NA,NA,NA,NA,NA,NA
"35","ID_528",0.213418296094711,0.0815225893324912,-0.942576839534794,-0.661246298696065,0.623411093272888,1.09958386469207,0.205227242756865,0.363892537041284,-0.691707450719557,-0.735946390137874
"36","ID_252",-1.00142401840144,-0.940645136208424,-0.457425459400098,-0.403515884991499,0.575185444716679,0.73555339983234,0.205227242756865,0.363892537041284,NA,NA
"37","ID_319",0.613405954828197,0.56932854439886,0.000153210602859571,-0.0107333505757965,NA,NA,0.205227242756865,0.363892537041284,NA,NA
"38","ID_477",1.07447564944308,1.15584687241274,-0.82626018677979,-0.624300071279277,-0.200192049783768,0.0562234048641639,NA,NA,-0.949731669691375,-1.91964367117702
"39","ID_714",1.46290057341862,1.7297074278085,-1.05698443768117,-0.874715238001046,NA,NA,0.205227242756865,0.363892537041284,NA,NA
"40","ID_119",-0.960019742198887,-0.914293889192846,0.331128731662438,0.118340085296295,NA,NA,0.205227242756865,0.363892537041284,NA,NA
"41","ID_374",NA,NA,NA,NA,NA,NA,NA,NA,NA,NA
"42","ID_52",-2.00337740675387,-2.7995753739703,-0.899704952738873,-0.704609292736848,0.495826447374213,0.574447889301549,0.205227242756865,0.363892537041284,NA,NA
"43","ID_431",0.991859324936452,1.06083017711871,0.515356822869755,0.253854564905773,NA,NA,0.205227242756865,0.363892537041284,NA,NA
"44","ID_219",NA,NA,NA,NA,NA,NA,NA,NA,NA,NA
"45","ID_515",NA,NA,2.85770488459122,2.62974441034264,0.965436533370443,1.25384492532669,0.205227242756865,0.363892537041284,NA,NA
"46","ID_238",-0.658791161317286,-0.56932854439886,-0.245257847659871,-0.231746024101752,-0.63776865046832,-0.62916039062048,0.205227242756865,0.363892537041284,NA,NA
"47","ID_38",NA,NA,NA,NA,NA,NA,NA,NA,NA,NA
"48","ID_736",0.700547078300988,0.657274574084043,-0.306606969849707,-0.240575254998865,NA,NA,0.205227242756865,0.363892537041284,NA,NA
"49","ID_462",-0.46283450789849,-0.500099412243729,-0.495579804605021,-0.422216162231484,0.387103565938279,0.990495913997779,0.205227242756865,0.363892537041284,NA,NA
"50","ID_662",-1.34234822367575,-1.59362131852299,0.909180952672278,0.542848379902639,NA,NA,0.205227242756865,0.363892537041284,NA,NA
"51","ID_406",1.33854918150293,1.5353776255699,1.73067557057811,1.31070810972687,NA,NA,0.205227242756865,0.363892537041284,NA,NA
"52","ID_69",0.126345355535804,-0.017144508033186,-0.968465170242034,-0.766501760720779,0.376843069290151,0.321541641888703,NA,NA,NA,NA
"53","ID_149",-1.20048493478556,-1.31166930484845,-1.13871873492984,-0.881025514447716,NA,NA,-0.911369135930803,-2.01727053691623,NA,NA
"54","ID_689",-0.37549260622772,-0.400464529751343,-0.791364973798203,-0.629525081799426,-0.0609565788755497,0.0491894073147829,0.205227242756865,0.363892537041284,-0.445114672098973,-0.116621442384511
"55","ID_328",-0.975773500577231,-0.974532185800568,-0.127410663219757,-0.0795089198269706,-0.58755729683523,-1.02550457242657,0.205227242756865,0.363892537041284,NA,NA
"56","ID_7",0.699823925396984,0.68410638730289,NA,NA,0.4587438565924,-0.042157840723842,NA,NA,NA,NA
"57","ID_377",-0.437875193831316,-0.442622535979127,-0.503918165173349,-0.469637919671147,NA,NA,0.205227242756865,0.363892537041284,NA,NA
"58","ID_367",0.300251698924665,0.255624575922284,0.452835269312068,0.258290846921226,1.28529630970946,1.31802474735536,NA,NA,NA,NA
"59","ID_764",NA,NA,NA,NA,NA,NA,NA,NA,NA,NA
"60","ID_146",NA,NA,NA,NA,NA,NA,NA,NA,NA,NA
"61","ID_447",-1.16909432256108,-1.23460408884456,0.478872423316648,0.240575254998864,NA,NA,0.205227242756865,0.363892537041284,NA,NA
"62","ID_545",-0.240481997511284,-0.251198878549855,0.780000811882528,0.527984596736083,0.354387949601819,0.212309818299981,0.205227242756865,0.363892537041284,NA,NA
"63","ID_460",NA,NA,NA,NA,NA,NA,NA,NA,NA,NA
"64","ID_108",NA,NA,NA,NA,NA,NA,NA,NA,NA,NA
"65","ID_181",1.15756995954423,1.29167953834579,1.10915448619226,0.760755993506215,-0.577717612172295,-0.763453797070968,0.205227242756865,0.363892537041284,-0.469628687590284,-0.933501788792553
"66","ID_266",0.997517058616626,1.01673502607555,0.716142426976392,0.412847985755539,NA,NA,0.205227242756865,0.363892537041284,NA,NA
"67","ID_15",-1.07508440377748,-1.08367017952389,-1.9836025096818,-1.35235917193416,-0.0272918922098443,-0.148047389652518,0.205227242756865,0.363892537041284,NA,NA
"68","ID_394",NA,NA,NA,NA,NA,NA,NA,NA,NA,NA
"69","ID_113",0.0239852403494058,-0.0901260614322245,-2.03590523561772,-1.43147713936396,NA,NA,0.205227242756865,0.363892537041284,NA,NA
"70","ID_271",-1.89701195466711,-2.02680222795635,-2.96944601883445,-1.96339895453701,NA,NA,-1.91803864048858,-3.12646575816846,NA,NA
"71","ID_32",NA,NA,NA,NA,NA,NA,NA,NA,NA,NA
"72","ID_403",-0.326164762934598,-0.377351928635287,0.920706589976469,0.562855678868496,NA,NA,0.205227242756865,0.363892537041284,NA,NA
"73","ID_585",-0.866614569994558,-0.733694599990742,NA,NA,-1.28254786405977,-1.25384492532669,NA,NA,NA,NA
"74","ID_734",NA,NA,NA,NA,NA,NA,NA,NA,NA,NA
"75","ID_180",0.153214302215373,0.0342940547281036,-0.647570948469065,-0.488900096063421,NA,NA,-0.851836164035041,-1.86645974343551,NA,NA
"76","ID_434",-1.52196349814083,-1.69267765655791,-2.62035342357728,-1.90758869494596,0.47606977810325,0.458038428883034,0.205227242756865,0.363892537041284,NA,NA
"77","ID_30",NA,NA,NA,NA,NA,NA,NA,NA,NA,NA
"78","ID_640",0.936755508254319,0.940645136208424,1.44950642528715,1.11397471403941,-0.453304079926889,-0.74478904603566,0.205227242756865,0.363892537041284,NA,NA
"79","ID_607",0.163280487055748,0.0729251443517117,-0.881479555926053,-0.682767383775213,NA,NA,0.205227242756865,0.363892537041284,NA,NA
"80","ID_451",0.42593020607244,0.386572116568759,0.257376939619189,0.00214663056671967,-0.484665075311228,-0.176517351481436,0.205227242756865,0.363892537041284,-0.445114672098973,-0.307276069258102
"81","ID_387",NA,NA,NA,NA,NA,NA,NA,NA,NA,NA
"82","ID_546",NA,NA,NA,NA,NA,NA,NA,NA,NA,NA
"83","ID_126",0.728334840129138,0.689531704069885,1.54599570522259,1.18892127074208,0.701570784523515,0.442492365992981,0.205227242756865,0.363892537041284,NA,NA
"84","ID_549",-0.771874416754561,-0.646673955954922,-1.78210092731925,-1.15481061979018,NA,NA,0.205227242756865,0.363892537041284,NA,NA
"85","ID_13",-0.80791632656473,-0.779336520484516,0.984510524714291,0.715656884772066,-0.575215330971688,-0.603682087709898,0.205227242756865,0.363892537041284,NA,NA
"86","ID_508",0.877507921580048,0.927389055863113,1.80013025018732,1.4558066516325,NA,NA,0.205227242756865,0.363892537041284,NA,NA
"87","ID_134",NA,NA,NA,NA,NA,NA,NA,NA,NA,NA
"88","ID_419",0.271061161474847,0.220351152649719,0.716142426976392,0.450548361822464,NA,NA,0.205227242756865,0.363892537041284,NA,NA
"89","ID_198",0.877507921580048,0.947335502273323,0.0815080565963704,0.0450944782698811,0.102790826109688,0.292090810764636,0.205227242756865,0.363892537041284,NA,NA
"90","ID_483",1.57167379889259,2.0613823091969,1.53491267814568,1.26164416947318,NA,NA,0.205227242756865,0.363892537041284,NA,NA
"91","ID_431",0.991859324936452,1.12304594559783,0.515804865848437,0.276087839236932,NA,NA,0.205227242756865,0.363892537041284,NA,NA
"92","ID_680",-0.437875193831316,-0.428486045079311,-0.973201346634959,-0.732394147960464,-0.0190414663655017,-0.255626893510089,NA,NA,NA,NA
"93","ID_658",1.01440292538549,1.11503233075986,0.941627565896031,0.624300071279277,-0.603940290766268,-0.226700664564355,NA,NA,NA,NA
"94","ID_414",NA,NA,-2.89086016488248,-2.1825513922503,NA,NA,0.205227242756865,0.363892537041284,NA,NA
"95","ID_139",-1.75415921039818,-1.96412923471429,-1.74737891321031,-1.2428443761555,-1.04675930220252,-1.18024167239666,-1.60021374736456,-2.39890870609386,NA,NA
"96","ID_645",-0.0609738913868077,-0.141909898310769,-3.35780614277877,-2.79902389662866,0.318511108412211,0.505367312326653,0.205227242756865,0.363892537041284,NA,NA
"97","ID_681",NA,NA,-1.39917087168231,-1.00845990483871,-1.70931921115028,-1.89027961873191,-1.90339882280199,-3.12646575816846,NA,NA
"98","ID_417",0.729372476181817,0.700443738985049,1.86000994860273,1.4558066516325,0.499676157891776,0.620623020685303,NA,NA,NA,NA
"99","ID_678",NA,NA,NA,NA,NA,NA,NA,NA,NA,NA
"100","ID_450",-0.135249838033221,-0.224744478724211,-0.342685368904231,-0.302950097505432,0.0287803240372373,-0.521392995560622,0.205227242756865,0.363892537041284,NA,NA
"101","ID_216",-0.334042331756751,-0.336242375828023,2.49107299083172,1.96339895453702,1.20275448349352,1.55352772112748,0.205227242756865,0.363892537041284,NA,NA
"102","ID_418",-0.357130560064439,-0.304659959085942,NA,NA,NA,NA,0.205227242756865,0.363892537041284,NA,NA
"103","ID_634",1.34876569323409,1.52160235711652,-0.245257847659871,-0.196601806548767,NA,NA,0.205227242756865,0.363892537041284,NA,NA
"104","ID_636",-1.10283131172224,-1.1475307819931,-1.9836025096818,-1.34172741095041,0.233254026836817,-1.13898723582333,NA,NA,NA,NA
"105","ID_374",NA,NA,NA,NA,NA,NA,NA,NA,NA,NA
"106","ID_193",0.501741635502094,0.423792975331287,1.76024621246831,1.3740936355947,NA,NA,0.205227242756865,0.363892537041284,NA,NA
"107","ID_646",NA,NA,NA,NA,NA,NA,NA,NA,NA,NA
"108","ID_11",0.700547078300988,0.68410638730289,1.0258895366405,0.68819701143521,0.47606977810325,0.537553611291998,0.205227242756865,0.363892537041284,1.23334758629729,0.735946390137874
"109","ID_169",0.645512338683226,0.630907624071232,1.13068238901183,0.831478936852522,NA,NA,0.205227242756865,0.363892537041284,NA,NA
"110","ID_71",-0.917400627446976,-0.80277464463143,-2.15031710745225,-1.46830127774772,0.639267060758012,0.851006980069119,0.205227242756865,0.363892537041284,NA,NA
"111","ID_275",-1.08074066853697,-1.09921617528146,-1.85029216995119,-1.26164416947318,0.087975185662942,-0.262891016479248,0.205227242756865,0.363892537041284,NA,NA
"112","ID_254",0.64742907089192,0.630907624071232,-0.364978052361687,-0.240575254998865,NA,NA,0.205227242756865,0.363892537041284,NA,NA
"113","ID_527",NA,NA,NA,NA,NA,NA,NA,NA,NA,NA
"114","ID_686",-1.58672479885941,-1.88252670198279,0.526787605127872,0.298458379497338,NA,NA,0.205227242756865,0.363892537041284,NA,NA
"115","ID_670",-0.695752341628295,-0.574375372909723,1.22630493941727,0.78974311484779,NA,NA,-1.87730875950331,-3.12646575816846,NA,NA
"116","ID_608",-0.80791632656473,-0.728097186188539,NA,NA,NA,NA,0.205227242756865,0.363892537041284,NA,NA
"117","ID_445",NA,NA,NA,NA,NA,NA,NA,NA,NA,NA
"118","ID_508",0.858035603026997,0.974532185800568,1.86000994860273,1.44353514296966,NA,NA,0.205227242756865,0.363892537041284,NA,NA
"119","ID_278",-1.6911779504156,-1.79013894801626,-0.996345797457461,-0.721213507348521,-0.322000303181644,-0.521392995560622,-1.12366547276935,-2.20640738649348,NA,NA
"120","ID_3",NA,NA,-1.49252348780898,-1.09815007343772,NA,NA,0.205227242756865,0.363892537041284,NA,NA
"121","ID_29",NA,NA,NA,NA,NA,NA,NA,NA,NA,NA
"122","ID_666",0.0711105203062916,-0.0385828200000828,0.787489685374628,0.474436882820502,NA,NA,0.205227242756865,0.363892537041284,NA,NA
"123","ID_573",-0.964582812712086,-0.882221027660695,-0.405282900409294,-0.293972671976706,NA,NA,0.205227242756865,0.363892537041284,NA,NA
"124","ID_508",0.859725854156467,0.960845050045408,1.86070357942056,1.46830127774773,NA,NA,0.205227242756865,0.363892537041284,NA,NA
"125","ID_101",-0.989836015230761,-0.954068521427045,-0.881479555926053,-0.661246298696065,NA,NA,0.205227242756865,0.363892537041284,NA,NA
"126","ID_647",-0.958180901026509,-0.901353584730236,-0.996345797457461,-0.755035220111822,0.539123628240529,1.12565854627118,0.205227242756865,0.363892537041284,NA,NA
"127","ID_335",NA,NA,NA,NA,NA,NA,NA,NA,NA,NA
"128","ID_630",-1.21637749614938,-1.38613705468279,-2.03590523561772,-1.43147713936396,1.097721475085,2.03418189852722,0.205227242756865,0.363892537041284,NA,NA
"129","ID_184",0.699694382079483,0.76203524391893,1.56794152809725,1.21544127820075,-0.63776865046832,-0.434759455463467,0.205227242756865,0.363892537041284,NA,NA
"130","ID_128",NA,NA,-0.544236111093372,-0.464849742602886,NA,NA,0.205227242756865,0.363892537041284,NA,NA
"131","ID_777",-0.277711635545768,-0.340780898025873,1.64331788029981,1.2428443761555,-0.0358458259072324,0.481568123980172,0.205227242756865,0.363892537041284,NA,NA
"132","ID_742",0.586334372965787,0.539343861256415,1.28625292542078,0.973394856392653,NA,NA,0.205227242756865,0.363892537041284,NA,NA
"133","ID_293",NA,NA,NA,NA,NA,NA,NA,NA,NA,NA
"134","ID_681",NA,NA,-1.43045300229437,-1.04481026126245,-1.8993284265751,-1.84997519895801,-1.87883208771795,-3.4953539050334,NA,NA
"135","ID_566",-0.0432407805621587,-0.159249145135791,-0.480109266730978,-0.441065201769759,NA,NA,0.205227242756865,0.363892537041284,NA,NA
"136","ID_350",0.748392601985583,0.739315084511034,1.28781293393675,0.881025514447716,NA,NA,0.205227242756865,0.363892537041284,NA,NA
"137","ID_308",0.989209420246341,1.13113229977114,NA,NA,-0.329020168427881,-0.545686563370751,NA,NA,NA,NA
"138","ID_609",-0.40003018633938,-0.381957965762707,-1.69595633893912,-1.16321168468428,NA,NA,0.205227242756865,0.363892537041284,NA,NA
"139","ID_560",0.470214503943987,0.466383055611253,0.780000811882528,0.484067808157852,NA,NA,0.205227242756865,0.363892537041284,NA,NA
"140","ID_711",-1.0196411955262,-1.05333870100247,-1.13871873492984,-0.887371051597061,-0.411886044449934,-1.07423552931844,-1.77567887218739,-2.81883781363536,NA,NA
"141","ID_274",0.128901317061796,-0.017144508033186,-0.382120091379244,-0.348221862515846,0.490701064437455,0.513363686724051,0.205227242756865,0.363892537041284,NA,NA
"142","ID_648",NA,NA,NA,NA,NA,NA,NA,NA,NA,NA
"143","ID_275",-1.06893968211613,-1.13929326418745,-1.99775763618179,-1.36314595351312,-0.695127384107766,-0.314153769582552,0.205227242756865,0.363892537041284,NA,NA
"144","ID_218",0.552070125940092,0.471166470504727,-0.649624136548017,-0.523055959621233,-0.0190414663655017,0.169387350201729,-1.4995781616288,-2.53787458368906,NA,NA
"145","ID_85",-0.251880766791842,-0.282287444325005,-3.24154097062516,-3.13685579174593,0.794025309042116,1.03745668360116,0.205227242756865,0.363892537041284,NA,NA
"146","ID_302",-0.334042331756751,-0.359006420357064,-0.751106041262527,-0.547829569039437,0.317596646189019,0.284768475590347,0.205227242756865,0.363892537041284,NA,NA
"147","ID_120",-0.0703663635647689,-0.198446382368422,1.40650593144403,0.973394856392653,-0.0272918922098443,-0.0703000925322487,0.205227242756865,0.363892537041284,NA,NA
"148","ID_753",-1.48707307090383,-1.7297074278085,-0.286738470945334,-0.289492868904193,-1.94022310287364,-1.89027961873191,-1.49654426807367,-2.53787458368906,NA,NA
"149","ID_100",-0.789978301406496,-0.711439780053885,-0.410763391499946,-0.343663996241626,NA,NA,0.205227242756865,0.363892537041284,NA,NA
"150","ID_126",0.699823925396984,0.694977382612542,1.56706470797001,1.20650693625498,0.701570784523515,0.458038428883034,0.205227242756865,0.363892537041284,NA,NA
"151","ID_466",0.339972751003609,0.268932122916164,0.798143358631531,0.488900096063421,-0.484665075311228,-0.351273861712653,0.205227242756865,0.363892537041284,NA,NA
"152","ID_43",1.33854918150293,1.49488616592536,0.73331561661909,0.450548361822464,0.492715753858798,0.255626893510089,0.205227242756865,0.363892537041284,0.858139380474136,0.356444426461813
"153","ID_711",-1.0196411955262,-1.03853030797102,-1.17236636484024,-0.906625858622866,-0.593021687228509,-1.03745668360116,-1.77567887218739,-2.66791911446084,NA,NA
"154","ID_497",-0.957941113510335,-0.888562406366686,0.000153210602859571,-0.0493925308204693,0.631513886030867,0.831004133479775,-0.911369135930803,-2.01727053691623,-0.817804299006626,-0.933501788792553
"155","ID_178",-0.771874416754561,-0.610126120319026,-0.394312371956525,-0.339113254565477,-0.577717612172295,-0.162265942781412,0.205227242756865,0.363892537041284,NA,NA
"156","ID_416",2.15047927427477,3.1373563201965,-1.57610409344108,-1.16321168468428,-0.06816547898352,0.148047389652518,0.205227242756865,0.363892537041284,0.277011784041624,0.163625993770156
"157","ID_448",-1.26930958735303,-1.42053785412771,-0.764471019292066,-0.593297973072665,0.168211909057918,-0.0491894073147828,-0.911369135930803,-2.01727053691623,NA,NA
"158","ID_234",NA,NA,NA,NA,NA,NA,NA,NA,NA,NA
"159","ID_287",0.809987799417568,0.826662072784197,-0.94731857987808,-0.778069927971113,NA,NA,0.205227242756865,0.363892537041284,NA,NA
"160","ID_9",-0.730138606569258,-0.636145477894124,0.45770395608405,0.187855227564748,NA,NA,0.205227242756865,0.363892537041284,NA,NA
"161","ID_528",0.232206635188505,0.17228477204438,-0.94731857987808,-0.721213507348521,0.733252665777892,0.979092866486852,0.205227242756865,0.363892537041284,0.845431301868732,0.457560965588812
"162","ID_307",NA,NA,-0.167233192622585,-0.157350492103989,0.354387949601819,-0.0491894073147828,0.205227242756865,0.363892537041284,NA,NA
"163","ID_606",-0.782980523115117,-0.667949535020623,-0.139884612927457,-0.148662900976292,NA,NA,0.205227242756865,0.363892537041284,NA,NA
"164","ID_736",0.697725782321591,0.667949535020623,-0.310016757090182,-0.244996866572217,NA,NA,0.205227242756865,0.363892537041284,NA,NA
"165","ID_764",NA,NA,NA,NA,NA,NA,NA,NA,NA,NA
"166","ID_10",0.62970366060855,0.705931095330897,1.86070357942056,1.46830127774773,NA,NA,0.205227242756865,0.363892537041284,NA,NA
"167","ID_148",-1.34222126444888,-1.43238647900083,2.83910908382774,2.51318316528496,NA,NA,0.205227242756865,0.363892537041284,NA,NA
"168","ID_89",0.42091461520757,0.363581247784139,0.435390543917273,0.209750137602192,1.2987724227117,1.71303366403042,0.205227242756865,0.363892537041284,NA,NA
"169","ID_627",NA,NA,-3.77963084944831,-2.62974441034264,NA,NA,-1.97686165690744,-3.4953539050334,NA,NA
"170","ID_747",0.26776990586761,0.202819394048187,-0.785456930398427,-0.619092040757418,-0.094146939240028,0.299428827831651,NA,NA,NA,NA
"171","ID_141",0.930589807837584,0.99541209596284,0.727679581055648,0.417527495869464,NA,NA,0.205227242756865,0.363892537041284,NA,NA
"172","ID_8",NA,NA,NA,NA,-0.00621876186939652,0.574447889301549,NA,NA,NA,NA
"173","ID_765",-0.590678429932239,-0.490409733201046,0.855281632487126,0.50346626137098,NA,NA,0.205227242756865,0.363892537041284,NA,NA
"174","ID_275",-1.0701684746187,-1.09921617528146,-1.99775763618179,-1.33124511021222,0.154373313791364,-0.292090810764636,0.205227242756865,0.363892537041284,NA,NA
"175","ID_471",0.7926911104613,0.80870318909702,-0.504221342448549,-0.357359439146063,NA,NA,-1.12366547276935,-2.20640738649348,NA,NA
"176","ID_152",NA,NA,NA,NA,NA,NA,NA,NA,NA,NA
"177","ID_366",-1.20893882698955,-1.25317720420112,0.257376939619189,0.114017766692086,NA,NA,0.205227242756865,0.363892537041284,NA,NA
"178","ID_277",1.10351460933324,1.25317720420112,-0.730008939596462,-0.583090759761246,NA,NA,0.205227242756865,0.363892537041284,NA,NA
"179","ID_137",-0.458982832170993,-0.509836251462644,1.03681940725322,0.677357800399218,NA,NA,0.205227242756865,0.363892537041284,NA,NA
"180","ID_89",0.425125568015452,0.363581247784139,0.45770395608405,0.200980698001033,1.24807321431171,1.87012740884496,0.205227242756865,0.363892537041284,NA,NA
"181","ID_368",1.23786811803075,1.32186362263657,1.82594843143276,1.4558066516325,NA,NA,0.205227242756865,0.363892537041284,NA,NA
"182","ID_438",NA,NA,NA,NA,NA,NA,NA,NA,NA,NA
"183","ID_315",NA,NA,NA,NA,0.663600908697051,0.726380022055175,NA,NA,NA,NA
"184","ID_9",-0.759423799791097,-0.651965111680898,0.435390543917273,0.196601806548767,NA,NA,0.205227242756865,0.363892537041284,NA,NA
"185","ID_658",1.02937754016758,1.13929326418745,0.989938866286887,0.650600082898708,-0.666151507436654,-0.226700664564355,NA,NA,NA,NA
"186","ID_144",-1.90791995949274,-2.02680222795635,-3.03507224814667,-2.02608890234239,0.595972863406893,1.07423552931844,-1.97686165690744,-2.91712960292909,NA,NA
"187","ID_693",0.633150798742288,0.620483392351697,-1.14131564217378,-0.881025514447716,-1.04675930220252,-1.25384492532669,0.205227242756865,0.363892537041284,-2.28551075168392,-1.51963125398025
"188","ID_301",-0.730138606569258,-0.641400834050516,0.643737398042141,0.343663996241626,0.534121541292805,0.672561541985757,0.205227242756865,0.363892537041284,NA,NA
"189","ID_123",0.00350975248359273,-0.0901260614322245,-0.456420480874991,-0.334569521345048,0.251108134896867,0.473695900313505,-0.911369135930803,-2.01727053691623,NA,NA
"190","ID_432",-0.694529477821449,-0.54928367777748,0.227813022912942,0.101063248799597,-0.408253863293351,-0.782388165455515,0.205227242756865,0.363892537041284,NA,NA
"191","ID_402",NA,NA,NA,NA,NA,NA,NA,NA,NA,NA
"192","ID_740",0.163634291099643,0.0471625579980776,1.4079241935841,1.00845990483871,0.0304613387791901,-0.537553611291998,0.205227242756865,0.363892537041284,0.558642608342399,0.258836088402492
"193","ID_261",0.876590246678787,0.882221027660695,0.882858460794439,0.547829569039437,NA,NA,0.205227242756865,0.363892537041284,NA,NA
"194","ID_747",0.270964452861946,0.211577148441557,-0.791364973798203,-0.603567347238253,0.154373313791364,0.314153769582552,NA,NA,NA,NA
"195","ID_146",NA,NA,NA,NA,NA,NA,NA,NA,NA,NA
"196","ID_616",NA,NA,NA,NA,NA,NA,NA,NA,NA,NA
"197","ID_434",-1.60154249323761,-1.56383676462338,-2.75505039722217,-1.88177322469347,0.3543379524204,0.427052434911801,0.205227242756865,0.363892537041284,NA,NA
"198","ID_421",-0.759423799791097,-0.599833856689607,1.25815002392604,0.887371051597061,-0.612769682574757,-0.772886373029935,0.205227242756865,0.363892537041284,NA,NA
"199","ID_247",NA,NA,NA,NA,NA,NA,NA,NA,NA,NA
"200","ID_128",NA,NA,-0.565947392680378,-0.51813998931908,NA,NA,0.205227242756865,0.363892537041284,NA,NA
"201","ID_474",0.902799404586456,1.05333870100247,1.47295790661701,1.13824843773185,0.251108134896867,0.212309818299981,0.205227242756865,0.363892537041284,NA,NA
"202","ID_502",NA,NA,2.20152108473446,1.93474113691176,0.188138846681522,0.505367312326653,NA,NA,NA,NA
"203","ID_772",-0.912283019243217,-0.739315084511034,1.64598437886272,1.26164416947318,0.062374573760258,0.292090810764636,NA,NA,NA,NA
"204","ID_607",0.170499098053532,0.0729251443517117,-0.83749279041758,-0.640027065653181,NA,NA,0.205227242756865,0.363892537041284,NA,NA
"205","ID_242",0.321414491014316,0.264491099242551,0.51476943500682,0.244996866572217,NA,NA,0.205227242756865,0.363892537041284,NA,NA
"206","ID_669",NA,NA,NA,NA,NA,NA,NA,NA,NA,NA
"207","ID_521",-0.129356614327594,-0.202819394048187,0.16660160290086,0.0279097971110478,-2.64375209843804,-2.45812053634849,0.205227242756865,0.363892537041284,NA,NA
"208","ID_541",0.853998135191009,0.869643418889006,1.12328111119477,0.778069927971113,1.48785798974996,1.81246742337506,0.205227242756865,0.363892537041284,0.463601706521127,0.457560965588812
"209","ID_259",0.0998197168721648,0.0300059198357128,0.586605929886205,0.403515884991499,-0.97894133896764,-1.2852736290911,0.205227242756865,0.363892537041284,NA,NA
"210","ID_388",-0.980936459943819,-0.920821744201037,-1.93018515307943,-1.34172741095041,0.188139996051848,-0.212309818299981,-1.87883208771795,-2.91712960292909,NA,NA
"211","ID_62",0.820240723552034,0.882221027660695,0.120995447268598,0.0322049970681984,NA,NA,0.205227242756865,0.363892537041284,NA,NA
"212","ID_106",0.309174867482907,0.251198878549855,1.14739502777874,0.831478936852522,-0.69884175914462,0.0281006057807919,0.205227242756865,0.363892537041284,NA,NA
"213","ID_456",0.184490574775471,0.0772231536952855,0.612701923829868,0.398863023618152,NA,NA,0.205227242756865,0.363892537041284,NA,NA
"214","ID_628",-0.063312035531179,-0.128933675892248,-1.86294031114904,-1.22447365760007,-0.315432723029808,-0.299428827831651,0.205227242756865,0.363892537041284,-0.19262125574771,-0.307276069258102
"215","ID_564",1.27037086794207,1.49488616592536,1.04495087467643,0.677357800399218,0.499676157891776,0.655053497895849,0.205227242756865,0.363892537041284,NA,NA
"216","ID_233",0.970759742962602,0.99541209596284,0.286305051741794,0.109697576101869,0.528884990447938,-0.465852900181219,0.205227242756865,0.363892537041284,-0.949731669691375,-1.91964367117702
"217","ID_507",NA,NA,NA,NA,NA,NA,NA,NA,NA,NA
"218","ID_640",0.902799404586456,0.960845050045408,1.48612652704588,1.09033988956198,-0.515794170081907,-0.74478904603566,0.205227242756865,0.363892537041284,NA,NA
"219","ID_466",0.320420834241752,0.268932122916164,0.798143358631531,0.474436882820502,-0.153428203377649,-0.343812698614431,0.205227242756865,0.363892537041284,NA,NA
"220","ID_60",-0.423033177365328,-0.423792975331287,0.515804865848437,0.330032681551839,NA,NA,0.205227242756865,0.363892537041284,NA,NA
"221","ID_508",0.860935141036349,0.914293889192846,1.83151310962802,1.46830127774773,NA,NA,0.205227242756865,0.363892537041284,NA,NA
"222","ID_632",NA,NA,NA,NA,NA,NA,NA,NA,NA,NA
"223","ID_165",1.02379144202782,1.19868245320582,NA,NA,0.109780282097512,-0.241138577419018,NA,NA,NA,NA
"224","ID_478",NA,NA,2.1657626526339,1.76848394609316,NA,NA,0.205227242756865,0.363892537041284,NA,NA
"225","ID_383",NA,NA,NA,NA,NA,NA,NA,NA,NA,NA
"226","ID_617",-1.3312260042389,-1.43238647900083,-0.342685368904231,-0.262732215534477,-0.969180417185956,-1.36997678006413,0.205227242756865,0.363892537041284,NA,NA
"227","ID_650",NA,NA,NA,NA,NA,NA,NA,NA,NA,NA
"228","ID_166",-0.80791632656473,-0.739315084511034,-0.175456071575521,-0.183487360478231,-0.565457421569803,-1.06181637791224,0.205227242756865,0.363892537041284,NA,NA
"229","ID_110",-1.06360278068312,-1.10708965298926,-1.89349101947677,-1.35235917193416,0.476110733868101,-0.155152748509902,-1.60021374736456,-2.3194416138972,-0.817804299006626,-0.50985265845824
"230","ID_646",NA,NA,NA,NA,NA,NA,NA,NA,NA,NA
"231","ID_628",-0.0682690940229081,-0.180991337815792,-1.9836025096818,-1.34172741095041,-0.151785724356932,-0.336370611008446,0.205227242756865,0.363892537041284,-4.50838715508587,-1.00786789715256
"232","ID_719",0.859725854156467,0.875914911133597,1.14642060893423,0.819409196000922,-0.315432723029808,-0.489470280929446,0.205227242756865,0.363892537041284,NA,NA
"233","ID_85",-0.222631979195259,-0.251198878549855,-3.77963084944831,-2.79902389662866,0.539123628240529,1.0556875604798,0.205227242756865,0.363892537041284,NA,NA
"234","ID_642",NA,NA,NA,NA,NA,NA,NA,NA,NA,NA
"235","ID_666",0.0821869713090957,-0.0557457674361928,0.73331561661909,0.450548361822464,NA,NA,0.205227242756865,0.363892537041284,NA,NA
"236","ID_704",0.991530158026537,1.07599448619418,0.913825866934874,0.562855678868496,NA,NA,0.205227242756865,0.363892537041284,NA,NA
"237","ID_38",NA,NA,NA,NA,NA,NA,NA,NA,NA,NA
"238","ID_124",-0.0998848078357837,-0.277830194284821,-0.168150639136547,-0.170404381875412,NA,NA,0.205227242756865,0.363892537041284,NA,NA
"239","ID_19",-1.26930958735303,-1.46919577753566,-1.48416769247153,-1.1060277898225,-1.30798413194976,-0.892072051463271,0.205227242756865,0.363892537041284,NA,NA
"240","ID_569",-0.0352456277339206,-0.137581944536294,0.0383168167669012,-0.0193208616607856,-0.329020168427881,-1.4067757516129,-1.60021374736456,-2.53787458368906,NA,NA
"241","ID_203",-0.124166263973145,-0.215962073405515,NA,NA,NA,NA,-1.97653606631959,-3.30572070003306,NA,NA
"242","ID_756",-1.04083259100803,-1.00957640384626,-1.36094634296337,-1.04481026126245,0.701570784523515,0.851006980069119,0.205227242756865,0.363892537041284,NA,NA
"243","ID_764",NA,NA,NA,NA,NA,NA,NA,NA,NA,NA
"244","ID_486",-0.933618817290403,-0.80277464463143,-2.62035342357728,-1.69186473538855,NA,NA,0.205227242756865,0.363892537041284,NA,NA
"245","ID_492",0.578516955436328,0.564296168230664,-0.187103139488859,-0.183487360478231,0.492715753858798,0.169387350201729,0.205227242756865,0.363892537041284,NA,NA
"246","ID_679",0.352101410928525,0.233544244563501,NA,NA,-0.480198854041978,-0.979092866486852,NA,NA,NA,NA
"247","ID_728",-0.0027190948763962,-0.0815225893324912,1.72089720842051,1.34172741095041,0.317596646189019,0.241138577419018,0.205227242756865,0.363892537041284,NA,NA
"248","ID_597",0.308197584352655,0.198446382368422,NA,NA,0.397884848256509,0.0491894073147829,NA,NA,NA,NA
"249","ID_607",0.160975164661546,0.0815225893324912,-0.855121988948662,-0.677357800399218,NA,NA,0.205227242756865,0.363892537041284,NA,NA
"250","ID_161",NA,NA,NA,NA,NA,NA,NA,NA,NA,NA
"251","ID_633",0.539006419799712,0.500099412243729,-1.71399513924851,-1.20650693625498,NA,NA,0.205227242756865,0.363892537041284,NA,NA
"252","ID_703",0.232466185028593,0.163591240308774,0.866603132789781,0.562855678868496,NA,NA,-1.60021374736456,-2.39890870609386,NA,NA
"253","ID_668",1.41426496631261,1.69267765655791,1.43743052888558,1.1300832009619,NA,NA,0.205227242756865,0.363892537041284,NA,NA
"254","ID_487",NA,NA,NA,NA,NA,NA,NA,NA,NA,NA
"255","ID_582",-0.888370838335838,-0.785155558842126,0.894190100661823,0.542848379902639,-0.47883881620256,-0.81132812358385,0.205227242756865,0.363892537041284,NA,NA
"256","ID_527",NA,NA,NA,NA,NA,NA,NA,NA,NA,NA
"257","ID_261",0.859725854156467,0.857201834523657,0.894190100661823,0.578009899207275,NA,NA,0.205227242756865,0.363892537041284,NA,NA
"258","ID_155",1.39656460568608,1.57855409059456,0.409386334456969,0.196601806548767,NA,NA,0.205227242756865,0.363892537041284,NA,NA
"259","ID_521",-0.0998848078357837,-0.215962073405515,0.16132446486126,0.0322049970681984,-2.64375209843804,-2.63649195047128,0.205227242756865,0.363892537041284,NA,NA
"260","ID_281",NA,NA,NA,NA,NA,NA,NA,NA,NA,NA
"261","ID_512",-0.653819668628078,-0.594711510828744,0.638935371396944,0.298458379497338,NA,NA,0.205227242756865,0.363892537041284,NA,NA
"262","ID_108",NA,NA,NA,NA,NA,NA,NA,NA,NA,NA
"263","ID_762",-1.17427919537443,-1.26262793665195,-3.03507224814667,-1.71009261035372,-0.315432723029808,-0.537553611291998,0.205227242756865,0.363892537041284,NA,NA
"264","ID_600",NA,NA,NA,NA,NA,NA,NA,NA,NA,NA
"265","ID_187",-1.16909432256108,-1.24383703929939,0.505846319375134,0.311951993722091,-0.654150784158391,-0.913177899663905,0.205227242756865,0.363892537041284,NA,NA
"266","ID_366",-1.16491724526178,-1.19868245320582,0.243761674007475,0.0665946617686065,NA,NA,0.205227242756865,0.363892537041284,NA,NA
"267","ID_554",0.363362581103689,0.340780898025872,0.27217293998425,0.0838165130354355,-0.612502511052473,-0.717267317546088,0.205227242756865,0.363892537041284,NA,NA
"268","ID_82",1.43905443232801,1.90833469338283,0.207405171551858,0.0450944782698811,NA,NA,0.205227242756865,0.363892537041284,NA,NA
"269","ID_616",NA,NA,NA,NA,NA,NA,NA,NA,NA,NA
"270","ID_73",-1.54080099054251,-1.62488993460601,-2.02890779358563,-1.39649697323068,-2.3240493053808,-2.45812053634849,-2.06878113474731,-3.4953539050334,NA,NA
"271","ID_177",NA,NA,NA,NA,NA,NA,NA,NA,NA,NA
"272","ID_242",0.363362581103689,0.291218885069239,0.513771128153698,0.285018865132092,NA,NA,0.205227242756865,0.363892537041284,NA,NA
"273","ID_272",0.378043783831752,0.309152449699052,-1.09907245380122,-0.825429043033357,0.258451470164033,0.505367312326653,-0.851836164035041,-1.86645974343551,NA,NA
"274","ID_778",0.526026413844821,0.433188566476787,-1.10510725245634,-0.801524865104548,0.539123628240529,0.36625548373727,0.205227242756865,0.363892537041284,NA,NA
"275","ID_671",0.0239852403494058,-0.0858235317004223,-1.54423542988943,-1.09815007343772,-0.0609565788755497,-0.270169026937908,0.205227242756865,0.363892537041284,NA,NA
"276","ID_470",1.47220785454518,1.71089946514873,2.32739413683162,1.85715355864605,NA,NA,0.205227242756865,0.363892537041284,NA,NA
"277","ID_376",0.258553565262309,0.115979117351648,0.311350761961044,0.144323348163572,NA,NA,0.205227242756865,0.363892537041284,NA,NA
"278","ID_131",NA,NA,NA,NA,NA,NA,NA,NA,NA,NA
"279","ID_647",-0.964582812712086,-0.857201834523657,-1.02766833415261,-0.819409196000922,0.387103565938279,1.09958386469207,0.205227242756865,0.363892537041284,NA,NA
"280","ID_41",0.678385316959723,0.744959009658693,-1.40575063562197,-1.04481026126245,0.809748849901854,1.0556875604798,NA,NA,NA,NA
"281","ID_133",NA,NA,NA,NA,NA,NA,NA,NA,NA,NA
"282","ID_430",-2.03820645388202,-2.42380837562611,NA,NA,-1.42673539751504,-1.53048706496476,NA,NA,NA,NA
"283","ID_218",0.567345249518746,0.514722789965806,-0.607720850712934,-0.532926086395142,0.058845682895868,0.155152748509902,-1.52702050196979,-2.39890870609386,NA,NA
"284","ID_510",-0.063312035531179,-0.137581944536294,-2.41182590255179,-1.64030806808481,NA,NA,0.205227242756865,0.363892537041284,NA,NA
"285","ID_72",-0.788001182558144,-0.673315604339387,-1.76227095136539,-1.30064368982598,-0.315432723029808,-0.481568123980172,0.205227242756865,0.363892537041284,-0.121381883176797,-0.0698719296202279
"286","ID_259",0.110218783855783,-1.03397842297276e-17,0.609646316076609,0.403515884991499,-0.97894133896764,-1.30147483074328,0.205227242756865,0.363892537041284,NA,NA
"287","ID_357",-0.989836015230761,-0.960845050045408,-0.510999154452799,-0.398863023618152,NA,NA,0.205227242756865,0.363892537041284,NA,NA
"288","ID_527",NA,NA,NA,NA,NA,NA,NA,NA,NA,NA
"289","ID_151",-0.0565724563539128,-0.150573865732441,-1.16938171222127,-0.881025514447716,NA,NA,0.205227242756865,0.363892537041284,NA,NA
"290","ID_646",NA,NA,NA,NA,NA,NA,NA,NA,NA,NA
"291","ID_583",-0.916232697129449,-0.796874168329694,-0.791364973798203,-0.613900739947995,1.24807019579734,1.55352772112748,0.205227242756865,0.363892537041284,NA,NA
"292","ID_83",NA,NA,NA,NA,NA,NA,NA,NA,NA,NA
"293","ID_198",0.859725854156467,0.974532185800568,0.120995447268598,0.0279097971110478,0.325935204421859,0.306782990635316,0.205227242756865,0.363892537041284,NA,NA
"294","ID_54",0.348731587373601,0.277830194284821,2.49107299083172,2.23150713921677,0.713354871960008,0.411713567109841,0.205227242756865,0.363892537041284,NA,NA
"295","ID_515",NA,NA,2.62985837806843,2.51318316528496,0.687815452490816,1.208899203077,0.205227242756865,0.363892537041284,NA,NA
"296","ID_623",-0.0609738913868077,-0.17228477204438,0.207405171551858,0.00214663056671967,0.775280962570014,1.18024167239666,0.205227242756865,0.363892537041284,-2.90740470138201,-1.6863910755475
"297","ID_343",0.474436229842776,0.423792975331287,0.966384420973432,0.634767326916361,1.2987724227117,1.77734689904065,-1.60021374736456,-2.39890870609386,NA,NA
"298","ID_522",0.613405954828197,0.641400834050516,1.41984686159652,0.980311465312792,0.354387949601819,-0.0562234048641638,NA,NA,1.14021643042014,0.735946390137874
"299","ID_164",0.79283802182785,0.907804744813283,0.489852342131597,0.280550556384346,NA,NA,0.205227242756865,0.363892537041284,NA,NA
"300","ID_177",NA,NA,NA,NA,NA,NA,NA,NA,NA,NA
"301","ID_40",NA,NA,NA,NA,NA,NA,NA,NA,NA,NA
"302","ID_480",0.930589807837584,0.940645136208424,1.16899099666931,0.78974311484779,NA,NA,0.205227242756865,0.363892537041284,NA,NA
"303","ID_540",NA,NA,1.43093353950286,1.09033988956198,0.376843069290151,0.521392995560622,0.205227242756865,0.363892537041284,NA,NA
"304","ID_747",0.271061161474847,0.220351152649719,-0.791364973798203,-0.619092040757418,0.354387949601819,0.292090810764636,NA,NA,NA,NA
"305","ID_533",NA,NA,NA,NA,NA,NA,NA,NA,NA,NA
"306","ID_674",0.171066938912038,0.0257183363481466,-0.373331586410001,-0.330032681551839,0.965436533370443,1.25384492532669,0.205227242756865,0.363892537041284,0.908698511351329,0.863946436733631
"307","ID_683",1.20219592263532,1.40888527102663,0.323023644162286,0.122664614804009,NA,NA,0.205227242756865,0.363892537041284,NA,NA
"308","ID_441",NA,NA,NA,NA,NA,NA,NA,NA,NA,NA
"309","ID_146",NA,NA,NA,NA,NA,NA,NA,NA,NA,NA
"310","ID_635",-1.07508440377748,-1.08367017952389,0.96086271475237,0.613900739947995,0.216515934329293,0.351273861712653,0.205227242756865,0.363892537041284,NA,NA
"311","ID_650",NA,NA,NA,NA,NA,NA,NA,NA,NA,NA
"312","ID_146",NA,NA,NA,NA,NA,NA,NA,NA,NA,NA
"313","ID_129",-1.34234822367575,-1.67500087477073,-0.793662570772781,-0.655913902634909,0.086010945820651,0.112625095671009,0.205227242756865,0.363892537041284,NA,NA
"314","ID_367",0.297285421451529,0.286750306846101,0.453307790403044,0.289492868904193,1.39611588081937,1.46583062970568,NA,NA,NA,NA
"315","ID_154",1.07447564944308,1.16424363484924,0.454453900500142,0.258290846921226,NA,NA,0.205227242756865,0.363892537041284,NA,NA
"316","ID_104",-0.87798696692494,-0.673315604339387,-0.546069703752385,-0.417527495869464,-0.0329856093391847,-0.16938735020173,0.205227242756865,0.363892537041284,NA,NA
"317","ID_102",1.31269816789471,1.39742081698883,-0.416661612809631,-0.320979227557385,-0.329020168427881,-0.570306294758821,0.205227242756865,0.363892537041284,0.277011784041624,0.258836088402492
"318","ID_697",0.526026413844821,0.414434629159783,-0.591568529296239,-0.513236502748841,NA,NA,0.205227242756865,0.363892537041284,NA,NA
"319","ID_298",-0.784991083923152,-0.662602620929005,0.409386334456969,0.200980698001033,NA,NA,0.205227242756865,0.363892537041284,NA,NA
"320","ID_56",0.988525314650363,1.01673502607555,-0.893683078253738,-0.693646993662111,0.0239474605144253,0.388884144969295,0.205227242756865,0.363892537041284,NA,NA
"321","ID_679",0.349358345937253,0.255624575922284,NA,NA,-0.480198854041978,-0.871355980443818,NA,NA,NA,NA
"322","ID_313",-0.0432407805621587,-0.150573865732441,0.299487003952936,0.139986510145989,NA,NA,0.205227242756865,0.363892537041284,NA,NA
"323","ID_621",-0.543926082276158,-0.419109216413675,-0.973201346634959,-0.749339038511964,-0.0501631154870152,0.505367312326653,0.205227242756865,0.363892537041284,NA,NA
"324","ID_593",-1.54080099054251,-1.83437794415085,NA,NA,-1.70931921115028,-1.84997519895801,NA,NA,NA,NA
"325","ID_190",0.157854640323975,0.0085719392216711,-0.490894280428814,-0.366526936824714,0.389798820966192,0.0281006057807919,0.205227242756865,0.363892537041284,NA,NA
"326","ID_520",0.493926298601422,0.456847997236911,-0.534532988954645,-0.417527495869464,-0.764056755402505,-0.84096353031631,0.205227242756865,0.363892537041284,NA,NA
"327","ID_82",1.45589987711534,1.76927190303867,0.204471672085313,0.0536914955480636,NA,NA,0.205227242756865,0.363892537041284,NA,NA
"328","ID_672",0.859725854156467,0.933996590640351,1.80013025018732,1.4558066516325,0.403097430137543,0.21949956378963,0.205227242756865,0.363892537041284,0.845431301868732,0.406485663882755
"329","ID_562",NA,NA,NA,NA,NA,NA,NA,NA,NA,NA
"330","ID_169",0.633150798742288,0.646673955954923,1.14739502777874,0.78974311484779,NA,NA,0.205227242756865,0.363892537041284,NA,NA
"331","ID_699",0.258553565262309,0.16793642044382,-1.51681903569149,-1.00845990483871,NA,NA,-2.15045373122696,-4.35127503959308,NA,NA
"332","ID_157",NA,NA,NA,NA,NA,NA,NA,NA,NA,NA
"333","ID_259",0.121698369644791,0.0085719392216711,0.586605929886205,0.398863023618152,-0.883530356004882,-1.25384492532669,0.205227242756865,0.363892537041284,NA,NA
"334","ID_278",-1.74071468693383,-2.23216961372889,-1.02015289090735,-0.843670977427785,-0.772667676401349,-0.699217802960927,-1.12366547276935,-2.20640738649348,NA,NA
"335","ID_253",-0.687641448814845,-0.5845132402254,-1.15045091432081,-0.887371051597061,-0.453304079926889,-0.38131970221977,0.205227242756865,0.363892537041284,NA,NA
"336","ID_568",-0.744522261747956,-0.574375372909723,-0.405282900409294,-0.339113254565477,NA,NA,0.205227242756865,0.363892537041284,NA,NA
"337","ID_42",0.140849289123454,-0.0428722947076101,-1.01591939718656,-0.819409196000922,0.188138846681522,-1.61487359715721e-17,NA,NA,NA,NA
"338","ID_673",-1.0196411955262,-1.03853030797102,-0.141655251293352,-0.126991438397357,-0.128076281712605,-0.0984980970038656,NA,NA,NA,NA
"339","ID_409",0.00350975248359273,-0.0858235317004223,0.0950151391169102,0.0279097971110478,NA,NA,0.205227242756865,0.363892537041284,NA,NA
"340","ID_403",-0.329578910811232,-0.409769076019401,0.913825866934874,0.588186710062903,NA,NA,0.205227242756865,0.363892537041284,NA,NA
"341","ID_737",-0.329578910811232,-0.327185953614219,-0.456420480874991,-0.352786970669071,NA,NA,0.205227242756865,0.363892537041284,NA,NA
"342","ID_533",NA,NA,NA,NA,NA,NA,NA,NA,NA,NA
"343","ID_556",NA,NA,NA,NA,NA,NA,NA,NA,NA,NA
"344","ID_624",-0.302494659098418,-0.345326447046023,1.03681940725322,0.68819701143521,-1.01482188405368,-1.12565854627118,0.205227242756865,0.363892537041284,NA,NA
"345","ID_416",2.5188267498559,2.7995753739703,-1.69595633893912,-1.20650693625498,-0.06816547898352,0.133858681231842,0.205227242756865,0.363892537041284,1.24463119400979,1.08823753038196
"346","ID_638",NA,NA,NA,NA,NA,NA,NA,NA,NA,NA
"347","ID_468",NA,NA,NA,NA,NA,NA,NA,NA,NA,NA
"348","ID_213",1.45589987711534,1.74914762001192,1.26825556402103,0.900170543257973,0.499676157891776,0.62916039062048,NA,NA,NA,NA
"349","ID_196",-1.32098164973058,-1.49488616592536,-2.66471586862526,-1.81104082108756,NA,NA,0.205227242756865,0.363892537041284,NA,NA
"350","ID_553",1.37812669548129,1.60905908216316,1.3903665758411,1.0522473079908,NA,NA,0.205227242756865,0.363892537041284,NA,NA
"351","ID_504",NA,NA,NA,NA,NA,NA,NA,NA,NA,NA
"352","ID_439",-0.871299516131776,-0.744959009658693,-1.41120248849527,-1.0522473079908,0.168211909057918,0.226700664564355,0.205227242756865,0.363892537041284,NA,NA
"353","ID_328",-0.987160579280391,-0.974532185800568,-0.127410663219757,-0.101063248799597,-0.493587613947381,-1.02550457242657,0.205227242756865,0.363892537041284,NA,NA
"354","ID_172",1.37291985930875,1.50810977998415,1.2152980936442,0.831478936852522,NA,NA,0.205227242756865,0.363892537041284,NA,NA
"355","ID_25",-0.957941113510335,-0.882221027660695,-2.38913782974417,-1.54858682251823,NA,NA,0.205227242756865,0.363892537041284,NA,NA
"356","ID_200",-0.251880766791842,-0.282287444325005,-0.272904523893214,-0.205363444656187,0.176789093100181,0.105558965120928,0.205227242756865,0.363892537041284,NA,NA
"357","ID_293",NA,NA,NA,NA,NA,NA,NA,NA,NA,NA
"358","ID_749",0.270964452861946,0.229142144775834,NA,NA,-0.00621876186939652,-0.24837622356663,NA,NA,NA,NA
"359","ID_79",-0.240481997511284,-0.260055283322752,-0.345453497665299,-0.330032681551839,-0.0739682718162876,-0.404080501358387,-1.52702050196979,-2.53787458368906,1.21443093376655,0.676299838471425
"360","ID_451",0.448768523488243,0.391194508226027,0.257376939619189,0.0407972581822582,0.0239474605144253,-0.148047389652518,0.205227242756865,0.363892537041284,-0.556660067104671,-0.563569936227862
"361","ID_578",0.902799404586456,0.974532185800568,1.04857738034154,0.704609292736848,NA,NA,0.205227242756865,0.363892537041284,NA,NA
"362","ID_306",0.504292280454147,0.423792975331287,1.73025899086835,1.33124511021222,NA,NA,0.205227242756865,0.363892537041284,NA,NA
"363","ID_767",-0.772515258284337,-0.599833856689607,1.14642060893423,0.801524865104548,NA,NA,0.205227242756865,0.363892537041284,NA,NA
"364","ID_673",-1.03244510167254,-1.00246912212432,-0.151585311254789,-0.122664614804009,0.18938090923645,-0.0703000925322487,NA,NA,NA,NA
"365","ID_393",1.27252526134729,1.65783225015571,0.727679581055648,0.431621522674501,NA,NA,0.205227242756865,0.363892537041284,NA,NA
"366","ID_106",0.309174867482907,0.260055283322752,1.14765225797578,0.837559402469897,-0.69884175914462,0.0281006057807919,0.205227242756865,0.363892537041284,NA,NA
"367","ID_217",1.31269816789471,1.43238647900083,0.16132446486126,0.0450944782698811,0.5619961359892,0.831004133479775,0.205227242756865,0.363892537041284,1.18835614498396,0.618956352748187
"368","ID_727",-1.8141486085716,-2.23216961372889,-0.0999115651285288,-0.105379430917258,-0.148187124687205,0.14094949130185,0.205227242756865,0.363892537041284,NA,NA
"369","ID_282",NA,NA,NA,NA,NA,NA,NA,NA,NA,NA
"370","ID_695",-0.852704285895802,-0.750626752982483,-0.456420480874991,-0.375725327379506,-0.0486443862272853,0.063260183054148,0.205227242756865,0.363892537041284,NA,NA
"371","ID_170",1.17291055981514,1.25317720420112,-1.02015289090735,-0.843670977427785,-0.0132732426386437,-0.505367312326653,NA,NA,NA,NA
"372","ID_140",NA,NA,NA,NA,NA,NA,NA,NA,NA,NA
"373","ID_458",-0.0443603679518231,-0.163591240308774,-1.06534192669137,-0.78974311484779,0.495826447374213,-0.226700664564355,0.205227242756865,0.363892537041284,NA,NA
"374","ID_288",-0.585663995604186,-0.504961850667197,-0.730008939596462,-0.542848379902639,0.476110733868101,-0.277461364789793,0.205227242756865,0.363892537041284,-0.817804299006626,-0.863946436733631
"375","ID_375",0.819131286831858,0.888562406366686,1.2280710200604,0.86843958415473,NA,NA,0.205227242756865,0.363892537041284,NA,NA
"376","ID_123",0.0239852403494058,-0.0987362065649606,-0.441644461247837,-0.293972671976706,0.663600908697051,0.902574758581409,-0.911369135930803,-2.01727053691623,NA,NA
"377","ID_745",-1.11637016308267,-1.20751719759533,0.984510524714291,0.634767326916361,1.05180856330995,0.81132812358385,0.205227242756865,0.363892537041284,NA,NA
"378","ID_447",-1.16909432256108,-1.25317720420112,0.478872423316648,0.289492868904193,NA,NA,0.205227242756865,0.363892537041284,NA,NA
"379","ID_721",NA,NA,NA,NA,NA,NA,NA,NA,NA,NA
"380","ID_141",0.902799404586456,0.99541209596284,0.777044651600474,0.441065201769759,NA,NA,0.205227242756865,0.363892537041284,NA,NA
"381","ID_141",0.923148669032801,1.03853030797102,0.727679581055648,0.455305118286476,NA,NA,0.205227242756865,0.363892537041284,NA,NA
"382","ID_137",-0.543926082276158,-0.490409733201046,1.0688789661104,0.704609292736848,NA,NA,0.205227242756865,0.363892537041284,NA,NA
"383","ID_385",NA,NA,NA,NA,NA,NA,NA,NA,NA,NA
"384","ID_60",-0.440065252548973,-0.442622535979127,0.53947461353854,0.343663996241626,NA,NA,0.205227242756865,0.363892537041284,NA,NA
"385","ID_111",1.18884867384394,1.40888527102663,2.0099473070037,1.54858682251823,NA,NA,0.205227242756865,0.363892537041284,NA,NA
"386","ID_129",-1.32098164973058,-1.45670613840317,-0.80460170006333,-0.613900739947995,0.397884848256509,0.0914421322496556,0.205227242756865,0.363892537041284,NA,NA
"387","ID_355",NA,NA,NA,NA,NA,NA,NA,NA,NA,NA
"388","ID_124",-0.124166263973145,-0.264491099242551,-0.141655251293352,-0.153005253769322,NA,NA,0.205227242756865,0.363892537041284,NA,NA
"389","ID_705",NA,NA,0.0383168167669012,-0.0322049970681985,-0.0497685744336082,0.0703000925322487,NA,NA,NA,NA
"390","ID_385",NA,NA,NA,NA,NA,NA,NA,NA,NA,NA
"391","ID_637",0.551138133792688,0.504961850667197,0.0674315754723616,-0.0322049970681985,0.5619961359892,0.717267317546088,0.205227242756865,0.363892537041284,NA,NA
"392","ID_723",-1.07508440377748,-1.07599448619418,-1.48416769247153,-1.1300832009619,0.176789093100181,0.169387350201729,-1.12366547276935,-2.20640738649348,NA,NA
"393","ID_553",1.37812669548129,1.65783225015571,1.3903665758411,1.0301068399604,NA,NA,0.205227242756865,0.363892537041284,NA,NA
"394","ID_399",-0.635120140062826,-0.490409733201046,-2.23972299309459,-1.48102930853488,-1.30561365394375,-1.26940267183606,-1.49654426807367,-2.39890870609386,NA,NA
"395","ID_88",0.296863262157104,0.251198878549855,-0.650087125305864,-0.474436882820501,NA,NA,0.205227242756865,0.363892537041284,NA,NA
"396","ID_300",1.16820973307116,1.33219712497833,0.69612139708611,0.436338500408203,0.125435802652619,-0.37377699879122,0.205227242756865,0.363892537041284,NA,NA
"397","ID_282",NA,NA,NA,NA,NA,NA,NA,NA,NA,NA
"398","ID_84",NA,NA,NA,NA,NA,NA,NA,NA,NA,NA
"399","ID_191",-0.788001182558144,-0.711439780053885,1.0249370676507,0.699117646663474,0.88104800840317,0.923884628578337,0.205227242756865,0.363892537041284,NA,NA
"400","ID_565",1.57167379889259,2.18322537435591,0.268517796976277,0.0838165130354355,NA,NA,0.205227242756865,0.363892537041284,NA,NA
"401","ID_38",NA,NA,NA,NA,NA,NA,NA,NA,NA,NA
"402","ID_648",NA,NA,NA,NA,NA,NA,NA,NA,NA,NA
"403","ID_579",NA,NA,NA,NA,NA,NA,NA,NA,NA,NA
"404","ID_16",-0.240481997511284,-0.255624575922284,0.512793417162563,0.253854564905773,0.0673588362929411,0.0773434850347585,0.205227242756865,0.363892537041284,NA,NA
"405","ID_598",0.439510914952863,0.400464529751343,-0.315733147094972,-0.289492868904193,-0.246725375432623,-0.11262509567101,0.205227242756865,0.363892537041284,NA,NA
"406","ID_634",1.35976647044135,1.52160235711652,-0.204726715316121,-0.205363444656187,NA,NA,0.205227242756865,0.363892537041284,NA,NA
"407","ID_324",0.602571894400164,0.630907624071232,0.612701923829868,0.361939387581185,NA,NA,0.205227242756865,0.363892537041284,NA,NA
"408","ID_513",0.270964452861946,0.215962073405515,1.44950642528715,1.09815007343772,0.538204464386418,1.11252673241822,0.205227242756865,0.363892537041284,NA,NA
"409","ID_768",-0.543926082276158,-0.466383055611252,-2.3889562073503,-1.64030806808481,-0.860123741694136,-0.913177899663905,0.205227242756865,0.363892537041284,NA,NA
"410","ID_465",NA,NA,NA,NA,NA,NA,NA,NA,NA,NA
"411","ID_713",0.36968749786017,0.336242375828023,1.08057186276406,0.749339038511964,NA,NA,0.205227242756865,0.363892537041284,NA,NA
"412","ID_540",NA,NA,1.45787411389239,1.1300832009619,0.781479382098552,0.84096353031631,0.205227242756865,0.363892537041284,NA,NA
"413","ID_456",0.184490574775471,0.0901260614322244,0.638039009548716,0.371122208969719,NA,NA,0.205227242756865,0.363892537041284,NA,NA
"414","ID_35",0.132296721542246,-0.0214312253616291,-0.0622401601074947,-0.0150269676666149,NA,NA,0.205227242756865,0.363892537041284,NA,NA
"415","ID_660",-0.397104705476177,-0.391194508226027,-0.00442077766821533,-0.00643993124757868,0.403097430137543,0.505367312326653,0.205227242756865,0.363892537041284,-0.445114672098973,-0.210993108491717
"416","ID_369",NA,NA,NA,NA,NA,NA,NA,NA,NA,NA
"417","ID_146",NA,NA,NA,NA,NA,NA,NA,NA,NA,NA
"418","ID_453",-0.66466451040036,-0.574375372909723,-1.08347208708279,-0.843670977427785,-1.82464381396123,-2.33471919407955,0.205227242756865,0.363892537041284,NA,NA
"419","ID_85",-0.260125662279323,-0.286750306846101,-3.73542136739697,-2.51318316528497,0.791269231736468,1.0556875604798,0.205227242756865,0.363892537041284,NA,NA
"420","ID_613",-0.135249838033221,-0.180991337815792,2.20152108473446,1.78935755504423,0.720889728986533,0.881666757322033,0.205227242756865,0.363892537041284,NA,NA
"421","ID_714",1.41771759241478,1.81181549879841,-1.05137901721634,-0.900170543257973,NA,NA,0.205227242756865,0.363892537041284,NA,NA
"422","ID_337",1.18797425484478,1.48191877824604,1.16986383449984,0.783893176114167,1.25696240958362,1.4067757516129,0.205227242756865,0.363892537041284,0.757039481779939,0.356444426461813
"423","ID_134",NA,NA,NA,NA,NA,NA,NA,NA,NA,NA
"424","ID_331",-1.11637016308267,-1.22547515025541,-2.79200142167191,-1.74835323834614,NA,NA,0.205227242756865,0.363892537041284,NA,NA
"425","ID_395",0.023163837020676,-0.0815225893324912,-0.607720850712934,-0.51813998931908,NA,NA,0.205227242756865,0.363892537041284,NA,NA
"426","ID_406",1.34876569323409,1.65783225015571,1.73025899086835,1.35235917193416,NA,NA,0.205227242756865,0.363892537041284,NA,NA
"427","ID_670",-0.701630379130553,-0.5845132402254,1.23910064594062,0.849814212220019,NA,NA,-1.91803864048858,-3.4953539050334,NA,NA
"428","ID_490",-1.16491724526178,-1.22547515025541,-1.65677324934351,-1.15481061979018,0.732860779723878,1.09958386469207,0.205227242756865,0.363892537041284,NA,NA
"429","ID_693",0.632397792893413,0.620483392351697,-1.1422757002337,-0.86843958415473,-0.986099878739819,-1.16626952028656,0.205227242756865,0.363892537041284,-1.74671115507298,-1.2744812170649
"430","ID_287",0.818723691242737,0.814660280317653,-0.959669128333679,-0.738018884079949,NA,NA,0.205227242756865,0.363892537041284,NA,NA
"431","ID_338",-1.73223890551904,-2.18322537435591,-1.16938171222127,-0.862197930690262,NA,NA,-0.911369135930803,-2.01727053691623,NA,NA
"432","ID_263",-0.749741401578726,-0.625687013707182,-3.66056395611114,-2.62974441034264,-1.02830622750496,-1.36997678006413,0.205227242756865,0.363892537041284,NA,NA
"433","ID_78",0.284810557237063,0.194077160439182,0.672653317674653,0.384955602966728,0.538204464386418,0.699217802960927,0.205227242756865,0.363892537041284,NA,NA
"434","ID_528",0.232206635188505,0.154910048837999,-0.94731857987808,-0.77227293238026,0.809748849901854,1.00202912496004,0.205227242756865,0.363892537041284,0.491309351270994,0.356444426461813
"435","ID_361",1.07690383481928,1.17272325326546,-2.62035342357728,-1.78935755504423,NA,NA,0.205227242756865,0.363892537041284,NA,NA
"436","ID_491",1.87400346487008,3.1373563201965,1.14765225797578,0.783893176114167,NA,NA,0.205227242756865,0.363892537041284,NA,NA
"437","ID_59",NA,NA,-1.16469119418347,-0.893752504001931,1.06327285550484,1.30147483074328,0.205227242756865,0.363892537041284,NA,NA
"438","ID_46",0.71809043254996,0.67870112218138,-2.03590523561772,-1.54858682251823,NA,NA,0.205227242756865,0.363892537041284,NA,NA
"439","ID_596",0.989209420246341,1.05333870100247,0.292081525835232,0.148662900976292,NA,NA,0.205227242756865,0.363892537041284,NA,NA
"440","ID_738",0.633150798742288,0.641400834050516,2.00874826512494,1.50723050872529,NA,NA,0.205227242756865,0.363892537041284,NA,NA
"441","ID_448",-1.26178772834224,-1.39742081698883,-0.773259942824937,-0.624300071279277,0.0847607001700404,-0.00702428546203821,-0.911369135930803,-2.01727053691623,NA,NA
"442","ID_335",NA,NA,NA,NA,NA,NA,NA,NA,NA,NA
"443","ID_385",NA,NA,NA,NA,NA,NA,NA,NA,NA,NA
"444","ID_428",0.192727562217126,0.0600388724283562,-1.05698443768117,-0.862197930690262,NA,NA,0.205227242756865,0.363892537041284,NA,NA
"445","ID_311",0.795433523709637,0.80277464463143,0.638039009548716,0.307447932952326,-0.0493038051883293,-0.529456032813424,0.205227242756865,0.363892537041284,NA,NA
"446","ID_571",NA,NA,-0.0266772517286712,-0.0622924809917431,NA,NA,0.205227242756865,0.363892537041284,NA,NA
"447","ID_281",NA,NA,NA,NA,NA,NA,NA,NA,NA,NA
"448","ID_327",-0.939908927866018,-0.888562406366686,-0.456420480874991,-0.384955602966728,-0.070776707816408,-0.956660050844145,0.205227242756865,0.363892537041284,NA,NA
"449","ID_349",NA,NA,NA,NA,NA,NA,NA,NA,NA,NA
"450","ID_530",NA,NA,NA,NA,NA,NA,NA,NA,NA,NA
"451","ID_130",0.245523979207362,0.159249145135791,-0.760500104521354,-0.593297973072665,-0.58755729683523,-0.646374474035374,NA,NA,NA,NA
"452","ID_15",-1.08153397098614,-1.08367017952389,-1.9836025096818,-1.38520844297202,-0.295035454380951,-0.133858681231842,0.205227242756865,0.363892537041284,NA,NA
"453","ID_135",0.0711105203062916,-0.094430259367863,0.108453493030299,0.0193208616607856,0.351138655706201,0.38131970221977,0.205227242756865,0.363892537041284,NA,NA
"454","ID_190",0.163280487055748,0.0214312253616289,-0.495579804605021,-0.389583013477438,0.389798820966192,0.00702428546203818,0.205227242756865,0.363892537041284,NA,NA
"455","ID_741",0.795433523709637,0.785155558842126,-0.591568529296239,-0.532926086395142,NA,NA,0.205227242756865,0.363892537041284,NA,NA
"456","ID_213",1.43417255652149,1.74914762001192,1.29257129856646,0.887371051597061,0.809748849901854,0.791961067701672,NA,NA,NA,NA
"457","ID_192",NA,NA,NA,NA,NA,NA,NA,NA,NA,NA
"458","ID_727",-1.95552722468237,-2.42380837562611,-0.103409418696724,-0.114017766692086,-0.422388552475166,0.119696849578414,0.205227242756865,0.363892537041284,NA,NA
"459","ID_343",0.46989854242342,0.419109216413675,0.989938866286887,0.619092040757418,0.988031348719444,1.77734689904065,-1.49654426807367,-2.3194416138972,NA,NA
"460","ID_114",NA,NA,NA,NA,0.192430179387157,-0.105558965120928,NA,NA,NA,NA
"461","ID_493",NA,NA,NA,NA,NA,NA,NA,NA,NA,NA
"462","ID_367",0.300251698924665,0.264491099242551,0.453307790403044,0.253854564905773,1.52363908186964,1.46583062970568,NA,NA,NA,NA
"463","ID_350",0.758536140313947,0.773543739323837,1.28781293393675,0.86843958415473,NA,NA,0.205227242756865,0.363892537041284,NA,NA
"464","ID_231",NA,NA,NA,NA,0.72057475397693,0.821126423444369,NA,NA,NA,NA
"465","ID_669",NA,NA,NA,NA,NA,NA,NA,NA,NA,NA
"466","ID_306",0.492711120306204,0.437900682031812,1.73025899086835,1.3740936355947,NA,NA,0.205227242756865,0.363892537041284,NA,NA
"467","ID_719",0.860935141036349,0.888562406366686,1.12768495732128,0.778069927971113,-0.271406161824673,-0.529456032813424,0.205227242756865,0.363892537041284,NA,NA
"468","ID_449",1.01075881863175,1.09921617528146,2.39291927829472,2.13832535594595,NA,NA,0.205227242756865,0.363892537041284,NA,NA
"469","ID_182",0.7926911104613,0.796874168329694,1.73771006755943,1.34172741095041,NA,NA,0.205227242756865,0.363892537041284,NA,NA
"470","ID_392",0.225308653713765,0.17228477204438,0.396355923539471,0.187855227564748,NA,NA,0.205227242756865,0.363892537041284,NA,NA
"471","ID_181",1.10351460933324,1.2721927500125,1.11218649636534,0.726792476599162,-0.484665075311228,-0.801607042106925,0.205227242756865,0.363892537041284,0.0382399660158114,-0.0232738968253184
"472","ID_538",-0.2910339373128,-0.242362123536172,-0.310016757090182,-0.249423270783121,NA,NA,0.205227242756865,0.363892537041284,NA,NA
"473","ID_236",NA,NA,NA,NA,NA,NA,NA,NA,NA,NA
"474","ID_588",0.753553214388421,0.756318699897255,2.00874826512494,1.41962364482254,0.539420523308296,0.672561541985757,0.205227242756865,0.363892537041284,NA,NA
"475","ID_543",NA,NA,NA,NA,NA,NA,NA,NA,NA,NA
"476","ID_297",0.990718772279613,1.06083017711871,2.59893069757134,2.28647563517864,NA,NA,0.205227242756865,0.363892537041284,NA,NA
"477","ID_756",-1.05271383169291,-1.02394610800255,-1.36094634296337,-1.0301068399604,0.200650775527733,0.465852900181219,0.205227242756865,0.363892537041284,NA,NA
"478","ID_254",0.651881790079492,0.646673955954923,-0.333752584024043,-0.280550556384346,NA,NA,0.205227242756865,0.363892537041284,NA,NA
"479","ID_441",NA,NA,NA,NA,NA,NA,NA,NA,NA,NA
"480","ID_266",0.964005095775007,1.00957640384626,0.694155048880821,0.445801772919734,NA,NA,0.205227242756865,0.363892537041284,NA,NA
"481","ID_569",-0.0405929021615633,-0.120295035106662,0.0338116362505506,-0.0279097971110478,-0.329020168427881,-1.31802474735536,-1.4995781616288,-2.39890870609386,NA,NA
"482","ID_465",NA,NA,NA,NA,NA,NA,NA,NA,NA,NA
"483","ID_669",NA,NA,NA,NA,NA,NA,NA,NA,NA,NA
"484","ID_520",0.470214503943987,0.409769076019401,-0.534532988954645,-0.412847985755539,-0.923917688620113,-0.821126423444369,0.205227242756865,0.363892537041284,NA,NA
"485","ID_430",-2.20947101195734,-3.1373563201965,NA,NA,-1.31113793825683,-1.60225416173905,NA,NA,NA,NA
"486","ID_48",NA,NA,NA,NA,NA,NA,NA,NA,NA,NA
"487","ID_40",NA,NA,NA,NA,NA,NA,NA,NA,NA,NA
"488","ID_747",0.271061161474847,0.180991337815791,-0.791364973798203,-0.650600082898708,0.348152326180566,0.306782990635316,NA,NA,NA,NA
"489","ID_32",NA,NA,NA,NA,NA,NA,NA,NA,NA,NA
"490","ID_264",-0.372680612117028,-0.409769076019401,-0.141655251293352,-0.144323348163571,0.0536540575118886,-0.0562234048641638,0.205227242756865,0.363892537041284,NA,NA
"491","ID_274",0.126284730323243,-0.012858105570482,-0.373331586410001,-0.348221862515846,-0.0976708840529339,0.465852900181219,0.205227242756865,0.363892537041284,NA,NA
"492","ID_132",NA,NA,0.541248401426639,0.236158339478919,0.775280962570014,0.913177899663905,0.205227242756865,0.363892537041284,2.14580560077094,1.80301737336226
"493","ID_309",0.348731587373601,0.282287444325005,NA,NA,NA,NA,0.205227242756865,0.363892537041284,NA,NA
"494","ID_433",1.74986173771747,2.18322537435591,0.727679581055648,0.469637919671147,NA,NA,0.205227242756865,0.363892537041284,NA,NA
"495","ID_514",NA,NA,NA,NA,NA,NA,NA,NA,NA,NA
"496","ID_337",1.24549275291575,1.44443957570645,1.23871418666304,0.849814212220019,0.853400597750615,1.12565854627118,0.205227242756865,0.363892537041284,0.908698511351329,0.50985265845824
"497","ID_272",0.378362472401995,0.322667827159513,-1.10510725245634,-0.843670977427785,0.576483599115033,0.763453797070968,-0.851836164035041,-1.86645974343551,NA,NA
"498","ID_163",-0.326164762934598,-0.336242375828023,1.4079241935841,0.946181542680015,NA,NA,0.205227242756865,0.363892537041284,NA,NA
"499","ID_205",-0.397104705476177,-0.381957965762707,-0.0279191850951549,-0.0708980748650627,0.347950384743898,-0.0914421322496556,NA,NA,NA,NA
"500","ID_121",0.236195554010844,0.124613193656398,1.4079241935841,0.966524480230233,NA,NA,0.205227242756865,0.363892537041284,NA,NA
"501","ID_282",NA,NA,NA,NA,NA,NA,NA,NA,NA,NA
"502","ID_518",1.07690383481928,1.16424363484924,2.83910908382774,2.34936279801752,1.20852053688503,1.65510863035765,0.205227242756865,0.363892537041284,NA,NA
"503","ID_587",-0.980936459943819,-0.947335502273323,0.45770395608405,0.244996866572217,-1.28254786405977,-1.35225283188469,0.205227242756865,0.363892537041284,NA,NA
"504","ID_539",-1.11190549545262,-1.18994024514433,-0.443941520071246,-0.380336416715667,NA,NA,0.205227242756865,0.363892537041284,NA,NA
"505","ID_523",1.16820973307116,1.2721927500125,2.36274802504583,1.96339895453702,NA,NA,0.205227242756865,0.363892537041284,NA,NA
"506","ID_503",NA,NA,NA,NA,NA,NA,NA,NA,NA,NA
"507","ID_50",-0.788001182558144,-0.68410638730289,-1.40575063562197,-1.01562270160091,-1.19006393764461,-0.913177899663905,NA,NA,NA,NA
"508","ID_653",-1.06360278068312,-1.13113229977114,0.68568858488086,0.357359439146063,-0.60734120306957,-0.831004133479775,-1.74552752588913,-2.74830037683467,NA,NA
"509","ID_684",-1.37594845386148,-1.62488993460601,-3.73542136739697,-3.13685579174593,-0.60734120306957,-1.08682247672158,0.205227242756865,0.363892537041284,NA,NA
"510","ID_548",NA,NA,NA,NA,NA,NA,NA,NA,NA,NA
"511","ID_437",NA,NA,-0.700851305460708,-0.537880617043207,-0.702612477870932,-0.923884628578337,-1.4995781616288,-2.45918172017394,NA,NA
"512","ID_361",1.06956018393882,1.21644716246733,-2.7071501879808,-1.90758869494596,NA,NA,0.205227242756865,0.363892537041284,NA,NA
"513","ID_375",0.818723691242737,0.882221027660695,1.2324124783806,0.881025514447716,NA,NA,0.205227242756865,0.363892537041284,NA,NA
"514","ID_597",0.301022008287403,0.185349727192563,NA,NA,0.277482137590365,0.0562234048641639,NA,NA,NA,NA
"515","ID_612",0.464987061301668,0.414434629159783,1.96662556117076,1.49400177160117,NA,NA,-0.911369135930803,-2.01727053691623,NA,NA
"516","ID_250",NA,NA,NA,NA,NA,NA,NA,NA,NA,NA
"517","ID_684",-1.39454832469854,-1.67500087477073,-3.73542136739697,-2.79902389662866,-0.603940290766268,-1.06181637791224,0.205227242756865,0.363892537041284,NA,NA
"518","ID_769",-0.0432407805621587,-0.133256565012961,1.03681940725322,0.677357800399218,0.154373313791364,-0.979092866486852,0.205227242756865,0.363892537041284,NA,NA
"519","ID_181",1.09667089055624,1.22547515025541,1.10915448619226,0.766501760720779,-0.19198787407875,-0.74478904603566,0.205227242756865,0.363892537041284,0.491309351270994,0.258836088402492
"520","ID_672",0.845098681380989,0.967665969230513,1.86000994860273,1.48102930853488,0.597611395169167,0.183656330458487,0.205227242756865,0.363892537041284,-0.835003291576283,-0.735946390137874
"521","ID_399",-0.600347348567768,-0.475960685134898,-2.02890779358563,-1.39649697323068,-1.19006393764461,-1.23858464563187,-1.60021374736456,-2.3194416138972,NA,NA
"522","ID_278",-1.74071468693383,-1.99448735301302,-0.996345797457461,-0.726792476599162,-0.631946517858844,-0.699217802960927,-1.12366547276935,-2.20640738649348,NA,NA
"523","ID_37",0.270964452861946,0.224744478724211,-1.01510511085646,-0.760755993506215,NA,NA,0.205227242756865,0.363892537041284,NA,NA
"524","ID_213",1.44142405571336,1.74914762001192,1.25815002392604,0.849814212220019,0.809748849901854,0.763453797070968,NA,NA,NA,NA
"525","ID_387",NA,NA,NA,NA,NA,NA,NA,NA,NA,NA
"526","ID_637",0.557132818087062,0.519621643985767,0.108453493030299,0.0279097971110478,0.553708294354358,0.708213742669527,0.205227242756865,0.363892537041284,NA,NA
"527","ID_287",0.788779963183553,0.796874168329694,-0.973201346634959,-0.721213507348521,NA,NA,0.205227242756865,0.363892537041284,NA,NA
"528","ID_471",0.803501318050953,0.832707787695282,-0.521915192073375,-0.375725327379506,NA,NA,-1.12366547276935,-2.20640738649348,NA,NA
"529","ID_382",0.985494168705303,0.981444633329972,-0.751106041262527,-0.593297973072665,NA,NA,0.205227242756865,0.363892537041284,NA,NA
"530","ID_87",0.616775944465497,0.625687013707182,1.44892210591863,1.07491571087587,0.136763304255287,-0.233913530870916,0.205227242756865,0.363892537041284,NA,NA
"531","ID_1",1.5568987153292,2.1390100515528,-2.41657840927597,-1.57770124541599,NA,NA,0.205227242756865,0.363892537041284,NA,NA
"532","ID_29",NA,NA,NA,NA,NA,NA,NA,NA,NA,NA
"533","ID_545",-0.251880766791842,-0.237950872473687,0.787489685374628,0.484067808157852,0.354387949601819,0.21949956378963,0.205227242756865,0.363892537041284,NA,NA
"534","ID_758",NA,NA,NA,NA,NA,NA,NA,NA,NA,NA
"535","ID_702",-1.63249210608935,-1.7297074278085,1.09062950769994,0.749339038511964,-0.0132732426386437,0.162265942781412,0.205227242756865,0.363892537041284,-2.02089597106441,-1.91964367117702
"536","ID_702",-1.63249210608935,-1.88252670198279,1.10915448619226,0.77227293238026,0.00915109500158384,0.133858681231842,0.205227242756865,0.363892537041284,-0.225882199406661,-0.258836088402492
"537","ID_184",0.685160737590185,0.76203524391893,1.59023607222962,1.18892127074208,-0.337617323949223,-0.458038428883034,0.205227242756865,0.363892537041284,NA,NA
"538","ID_599",-0.695752341628295,-0.559278035210623,0.586605929886205,0.403515884991499,-0.63776865046832,-0.663782106529908,0.205227242756865,0.363892537041284,-0.524527792113307,-0.563569936227862
"539","ID_454",NA,NA,NA,NA,NA,NA,NA,NA,NA,NA
"540","ID_460",NA,NA,NA,NA,NA,NA,NA,NA,NA,NA
"541","ID_342",NA,NA,NA,NA,NA,NA,NA,NA,NA,NA
"542","ID_333",NA,NA,NA,NA,NA,NA,NA,NA,NA,NA
"543","ID_425",-0.597867124939621,-0.514722789965806,0.299487003952936,0.135652302102233,0.266675916628925,0.321541641888703,0.205227242756865,0.363892537041284,NA,NA
"544","ID_164",0.7926911104613,0.907804744813283,0.489852342131597,0.276087839236932,NA,NA,0.205227242756865,0.363892537041284,NA,NA
"545","ID_307",NA,NA,-0.141336613595534,-0.174762025950989,0.136144294146385,-0.00702428546203821,0.205227242756865,0.363892537041284,NA,NA
"546","ID_382",0.991859324936452,1.0459058494694,-0.755134594342252,-0.552824381431162,NA,NA,0.205227242756865,0.363892537041284,NA,NA
"547","ID_413",1.897567663763,2.28712560999987,1.28781293393675,0.862197930690262,0.176789093100181,-0.262891016479248,0.205227242756865,0.363892537041284,1.19164048711206,0.563569936227862
"548","ID_230",1.35507325460427,1.60905908216316,1.14642060893423,0.813418882870797,NA,NA,0.205227242756865,0.363892537041284,NA,NA
"549","ID_22",-0.687641448814845,-0.554273939347528,-0.487891215468977,-0.412847985755539,-0.329020168427881,-1.26940267183606,NA,NA,NA,NA
"550","ID_142",-0.383243423459587,-0.354439090529946,0.665175485826238,0.375725327379506,NA,NA,0.205227242756865,0.363892537041284,NA,NA
"551","ID_753",-1.4701154840863,-1.79013894801626,-0.272904523893214,-0.214140868477035,-2.55809344729348,-2.16036765991624,-1.4995781616288,-2.3194416138972,NA,NA
"552","ID_705",NA,NA,0.0294865726177123,-0.0493925308204693,0.126141669038963,0.0703000925322487,NA,NA,NA,NA
"553","ID_504",NA,NA,NA,NA,NA,NA,NA,NA,NA,NA
"554","ID_287",0.803501318050953,0.779336520484516,-0.959669128333679,-0.732394147960464,NA,NA,0.205227242756865,0.363892537041284,NA,NA
"555","ID_616",NA,NA,NA,NA,NA,NA,NA,NA,NA,NA
"556","ID_730",NA,NA,NA,NA,NA,NA,NA,NA,NA,NA
"557","ID_116",-0.222631979195259,-0.291218885069239,-1.41243961081717,-0.973394856392653,NA,NA,0.205227242756865,0.363892537041284,NA,NA
"558","ID_20",1.09667089055624,1.36408400986305,0.798143358631531,0.523055959621233,NA,NA,0.205227242756865,0.363892537041284,NA,NA
"559","ID_459",-0.37549260622772,-0.409769076019401,-0.15913364886921,-0.170404381875412,-0.453304079926889,-1.11252673241822,0.205227242756865,0.363892537041284,NA,NA
"560","ID_664",NA,NA,NA,NA,NA,NA,NA,NA,NA,NA
"561","ID_29",NA,NA,NA,NA,NA,NA,NA,NA,NA,NA
"562","ID_276",0.7926911104613,0.882221027660695,0.541248401426639,0.320979227557385,NA,NA,0.205227242756865,0.363892537041284,NA,NA
"563","ID_382",0.985494168705303,1.02394610800255,-0.773259942824937,-0.598424775368864,NA,NA,0.205227242756865,0.363892537041284,NA,NA
"564","ID_517",1.24549275291575,1.31166930484845,-0.464731698166905,-0.361939387581185,NA,NA,0.205227242756865,0.363892537041284,NA,NA
"565","ID_711",-1.0196411955262,-1.03121080455441,-1.14131564217378,-0.913119157664007,-0.772667676401349,-1.00202912496004,-1.73284485666255,-2.81883781363536,NA,NA
"566","ID_185",-2.05547085443773,-2.28712560999987,-2.07880131114775,-1.65700749840193,-1.6352887380949,-1.50823078148617,-1.91803864048858,-3.63878562907233,NA,NA
"567","ID_447",-1.16909432256108,-1.24383703929939,0.467746999144401,0.267178770191833,NA,NA,0.205227242756865,0.363892537041284,NA,NA
"568","ID_219",NA,NA,NA,NA,NA,NA,NA,NA,NA,NA
"569","ID_119",-0.962039081828793,-0.851030543867899,0.331128731662438,0.135652302102233,NA,NA,0.205227242756865,0.363892537041284,NA,NA
"570","ID_467",NA,NA,NA,NA,NA,NA,NA,NA,NA,NA
"571","ID_484",-0.456955161045326,-0.419109216413675,0.513771128153698,0.311951993722091,0.476150159256586,0.574447889301549,-1.12366547276935,-2.20640738649348,NA,NA
"572","ID_349",NA,NA,NA,NA,NA,NA,NA,NA,NA,NA
"573","ID_347",-0.909935206873413,-0.820646407892078,-1.29892308183394,-0.919651166936237,NA,NA,0.205227242756865,0.363892537041284,NA,NA
"574","ID_678",NA,NA,NA,NA,NA,NA,NA,NA,NA,NA
"575","ID_137",-0.458982832170993,-0.500099412243729,1.0688789661104,0.677357800399218,NA,NA,0.205227242756865,0.363892537041284,NA,NA
"576","ID_388",-0.975773500577231,-0.967665969230513,-1.89349101947677,-1.3740936355947,0.457832348468698,-0.233913530870916,-1.91803864048858,-3.63878562907233,NA,NA
"577","ID_679",0.362504317813709,0.295693283069269,NA,NA,-0.287283564501858,-0.871355980443818,NA,NA,NA,NA
"578","ID_704",0.99771744028913,1.08367017952389,0.923816948059163,0.562855678868496,NA,NA,0.205227242756865,0.363892537041284,NA,NA
"579","ID_693",0.655545905660086,0.610126120319026,-1.14131564217378,-0.913119157664007,-1.02830622750496,-1.26940267183606,0.205227242756865,0.363892537041284,-0.19262125574771,-0.356444426461814
"580","ID_479",-0.958180901026509,-0.857201834523657,-1.24682404037693,-0.959699402987895,-0.612769682574757,-0.637743828838537,0.205227242756865,0.363892537041284,NA,NA
"581","ID_146",NA,NA,NA,NA,NA,NA,NA,NA,NA,NA
"582","ID_667",0.183237797280478,0.0686284810500283,0.99306003694567,0.603567347238253,NA,NA,0.205227242756865,0.363892537041284,NA,NA
"583","ID_425",-0.600347348567768,-0.48076585901783,0.292689593179171,0.131320639562681,0.611257015508528,0.306782990635316,0.205227242756865,0.363892537041284,NA,NA
"584","ID_164",0.803501318050953,0.844891479407732,0.489852342131597,0.271630611098576,NA,NA,0.205227242756865,0.363892537041284,NA,NA
"585","ID_129",-1.36022336815093,-1.52160235711652,-0.80460170006333,-0.603567347238253,0.277482137590365,0.105558965120928,0.205227242756865,0.363892537041284,NA,NA
"586","ID_1",1.56248572729598,2.09861732839,-2.38913782974417,-1.52072825913642,NA,NA,0.205227242756865,0.363892537041284,NA,NA
"587","ID_435",0.213418296094711,0.0815225893324912,-0.0746097982510465,-0.0279097971110478,0.443875728275095,0.473695900313505,0.205227242756865,0.363892537041284,0.491309351270994,0.307276069258102
"588","ID_16",-0.234719415808851,-0.282287444325005,0.53947461353854,0.249423270783121,0.0847607001700404,0.0843907135111633,0.205227242756865,0.363892537041284,NA,NA
"589","ID_364",NA,NA,NA,NA,1.34059081697853,1.60225416173905,NA,NA,NA,NA
"590","ID_367",0.309996287983505,0.237950872473687,0.45770395608405,0.276087839236932,1.40752357649331,1.38814149132178,NA,NA,NA,NA
"591","ID_307",NA,NA,-0.16280155185828,-0.161698701930205,0.188138846681522,-0.0210742417917717,0.205227242756865,0.363892537041284,NA,NA
"592","ID_569",-0.052472268704617,-0.133256565012961,0.0383168167669012,-0.0579914522848772,-1.1524952020986,-1.4067757516129,-1.49654426807367,-2.53787458368906,NA,NA
"593","ID_579",NA,NA,NA,NA,NA,NA,NA,NA,NA,NA
"594","ID_623",-0.0703663635647689,-0.185349727192563,0.179607086691333,0.0236151117347861,0.528884990447938,1.208899203077,0.205227242756865,0.363892537041284,-2.90740470138201,-1.51963125398025
"595","ID_703",0.214637121853247,0.0686284810500283,0.920706589976469,0.537880617043207,NA,NA,-1.4995781616288,-2.45918172017394,NA,NA
"596","ID_637",0.54922536374618,0.514722789965806,0.0752256101024338,-0.00214663056671968,0.631513886030867,0.73555339983234,0.205227242756865,0.363892537041284,NA,NA
"597","ID_37",0.28277433263475,0.176636382043299,-0.98353784521233,-0.749339038511964,NA,NA,0.205227242756865,0.363892537041284,NA,NA
"598","ID_385",NA,NA,NA,NA,NA,NA,NA,NA,NA,NA
"599","ID_123",-0.0165421820152833,-0.0815225893324912,-0.447551517662403,-0.316462388652664,0.251108134896867,0.497403096523168,-0.911369135930803,-2.01727053691623,NA,NA
"600","ID_494",-1.38960621167809,-1.69267765655791,1.53927794745724,1.16321168468428,-0.19198787407875,0.545686563370751,0.205227242756865,0.363892537041284,NA,NA
"601","ID_76",1.35976647044135,1.59362131852299,0.882858460794439,0.578009899207275,1.02331950598238,1.16626952028656,0.205227242756865,0.363892537041284,NA,NA
"602","ID_444",0.284734630228963,0.154910048837999,-1.39917087168231,-0.987275268683456,0.319269642635672,-0.14094949130185,0.205227242756865,0.363892537041284,NA,NA
"603","ID_540",NA,NA,1.48612652704588,1.06729865000947,0.588704699994745,0.934698240266926,0.205227242756865,0.363892537041284,NA,NA
"604","ID_175",-0.980936459943819,-0.875914911133597,0.0294865726177123,-0.0193208616607856,0.319269642635672,-1.61487359715721e-17,0.205227242756865,0.363892537041284,NA,NA
"605","ID_611",-1.23870087767959,-1.39742081698883,-1.36481888933081,-1.0522473079908,-1.30561365394375,-1.09958386469207,-2.33986364820759,-3.89856746000893,NA,NA
"606","ID_125",-0.719363289097895,-0.651965111680898,0.825930610881103,0.479246791722608,NA,NA,0.205227242756865,0.363892537041284,NA,NA
"607","ID_349",NA,NA,NA,NA,NA,NA,NA,NA,NA,NA
"608","ID_147",-0.0432407805621587,-0.120295035106662,-1.48822951757314,-1.13824843773185,0.121580645167868,-0.45025180622389,-1.12366547276935,-2.20640738649348,NA,NA
"609","ID_366",-1.1843880739942,-1.2721927500125,0.268517796976277,0.0795089198269705,NA,NA,0.205227242756865,0.363892537041284,NA,NA
"610","ID_342",NA,NA,NA,NA,NA,NA,NA,NA,NA,NA
"611","ID_512",-0.703410310656127,-0.539343861256414,0.621987656309563,0.311951993722091,NA,NA,0.205227242756865,0.363892537041284,NA,NA
"612","ID_456",0.192727562217126,0.0686284810500283,0.612701923829868,0.380336416715667,NA,NA,0.205227242756865,0.363892537041284,NA,NA
"613","ID_423",NA,NA,NA,NA,NA,NA,NA,NA,NA,NA
"614","ID_73",-1.58672479885941,-1.5353776255699,-2.07177473160069,-1.48102930853488,-1.6352887380949,-1.62811339871249,-2.06878113474731,-3.30572070003306,NA,NA
"615","ID_262",NA,NA,NA,NA,NA,NA,NA,NA,NA,NA
"616","ID_774",-0.600347348567768,-0.500099412243729,-1.05698443768117,-0.837559402469897,1.28354556760635,2.63649195047129,NA,NA,NA,NA
"617","ID_330",-1.52196349814083,-1.76927190303867,-0.187103139488859,-0.218535729483381,NA,NA,0.205227242756865,0.363892537041284,NA,NA
"618","ID_443",NA,NA,NA,NA,NA,NA,NA,NA,NA,NA
"619","ID_106",0.308041804087967,0.273378454338899,1.12073327576351,0.749339038511964,-1.1524952020986,0.00702428546203818,0.205227242756865,0.363892537041284,NA,NA
"620","ID_170",1.16748363239607,1.23460408884456,-0.992621405074927,-0.778069927971113,-0.0132732426386437,-0.521392995560622,NA,NA,NA,NA
"621","ID_233",0.985494168705303,0.99541209596284,0.283847916240101,0.0838165130354355,0.470549798479665,-0.427052434911801,0.205227242756865,0.363892537041284,0.0382399660158114,-0.0232738968253184
"622","ID_110",-1.08973468109976,-1.11503233075986,-1.99775763618179,-1.32090700589665,-0.0976708840529339,-0.126774589754401,-1.60021374736456,-2.53787458368906,-0.19262125574771,-0.116621442384511
"623","ID_461",NA,NA,NA,NA,NA,NA,NA,NA,NA,NA
"624","ID_553",1.33854918150293,1.67500087477073,1.41747829690891,1.0301068399604,NA,NA,0.205227242756865,0.363892537041284,NA,NA
"625","ID_613",-0.0998848078357837,-0.211577148441557,2.18061705296903,1.69186473538855,0.0524028282966099,0.521392995560622,0.205227242756865,0.363892537041284,NA,NA
"626","ID_774",-0.643336558006133,-0.504961850667197,-1.08347208708279,-0.825429043033357,0.988031348719444,2.63649195047129,NA,NA,NA,NA
"627","ID_455",-1.0701684746187,-1.06838163692984,0.751442131336974,0.431621522674501,0.527030656085877,0.646374474035374,0.205227242756865,0.363892537041284,NA,NA
"628","ID_650",NA,NA,NA,NA,NA,NA,NA,NA,NA,NA
"629","ID_543",NA,NA,NA,NA,NA,NA,NA,NA,NA,NA
"630","ID_529",-1.10283131172224,-1.21644716246733,-2.63785542769476,-1.88177322469347,NA,NA,0.205227242756865,0.363892537041284,NA,NA
"631","ID_283",1.53925686856763,1.85791429532746,0.393933289876305,0.231746024101752,0.495826447374213,0.553855741754842,0.205227242756865,0.363892537041284,1.61773057662124,1.38670558669451
"632","ID_94",-0.643336558006133,-0.574375372909723,1.59023607222962,1.27121345762386,1.40752357649331,2.98997743844817,0.205227242756865,0.363892537041284,NA,NA
"633","ID_37",0.275184474517333,0.202819394048187,-1.02015289090735,-0.795620191922075,NA,NA,0.205227242756865,0.363892537041284,NA,NA
"634","ID_391",NA,NA,NA,NA,NA,NA,NA,NA,NA,NA
"635","ID_473",NA,NA,NA,NA,NA,NA,NA,NA,NA,NA
"636","ID_553",1.33854918150293,1.57855409059456,1.37178486571913,1.04481026126245,NA,NA,0.205227242756865,0.363892537041284,NA,NA
"637","ID_580",NA,NA,NA,NA,NA,NA,NA,NA,NA,NA
"638","ID_681",NA,NA,-1.43045300229437,-1.0522473079908,-2.15732956473003,-1.84997519895801,-1.91803864048858,-2.91712960292909,NA,NA
"639","ID_124",-0.116010762450006,-0.268932122916164,-0.175456071575521,-0.157350492103989,NA,NA,0.205227242756865,0.363892537041284,NA,NA
"640","ID_67",0.230355650353626,0.159249145135791,-0.167948949510637,-0.170404381875412,0.539420523308296,0.681393083845168,NA,NA,NA,NA
"641","ID_180",0.163634291099643,0.0257183363481466,-0.626805922526101,-0.498599153115577,NA,NA,-0.851836164035041,-1.86645974343551,NA,NA
"642","ID_426",1.43905443232801,1.69267765655791,1.41562559713268,1.01562270160091,NA,NA,0.205227242756865,0.363892537041284,NA,NA
"643","ID_753",-1.60154249323761,-1.76927190303867,-0.315733147094972,-0.280550556384346,-2.18924936718819,-1.74428941535734,-1.49654426807367,-2.39890870609386,NA,NA
"644","ID_274",0.132296721542246,-0.012858105570482,-0.342685368904231,-0.348221862515846,0.203044152074602,0.465852900181219,0.205227242756865,0.363892537041284,NA,NA
"645","ID_664",NA,NA,NA,NA,NA,NA,NA,NA,NA,NA
"646","ID_719",0.853998135191009,0.888562406366686,1.14739502777874,0.801524865104548,-0.0478823274701176,-0.521392995560622,0.205227242756865,0.363892537041284,NA,NA
"647","ID_459",-0.367563138181672,-0.354439090529946,-0.167946179475809,-0.122664614804009,-0.659730466647447,-1.09958386469207,0.205227242756865,0.363892537041284,NA,NA
"648","ID_252",-1.00073000809544,-0.920821744201037,-0.439618719745361,-0.384955602966728,0.713354871960008,0.881666757322033,0.205227242756865,0.363892537041284,NA,NA
"649","ID_138",NA,NA,NA,NA,NA,NA,NA,NA,NA,NA
"650","ID_209",-0.556445601092706,-0.437900682031812,NA,NA,0.588704699994745,0.358754615526617,NA,NA,NA,NA
"651","ID_465",NA,NA,NA,NA,NA,NA,NA,NA,NA,NA
"652","ID_625",NA,NA,NA,NA,NA,NA,NA,NA,NA,NA
"653","ID_439",-0.852704285895802,-0.733694599990742,-1.36481888933081,-1.00134845178616,0.244146116970921,0.190804674252712,0.205227242756865,0.363892537041284,NA,NA
"654","ID_764",NA,NA,NA,NA,NA,NA,NA,NA,NA,NA
"655","ID_339",0.163280487055748,0.0128581055704819,0.895261797887871,0.552824381431162,NA,NA,0.205227242756865,0.363892537041284,NA,NA
"656","ID_505",1.08073744793371,1.16424363484924,1.33865501120001,1.0301068399604,-0.169634499990141,-0.314153769582552,0.205227242756865,0.363892537041284,NA,NA
"657","ID_578",0.93295909626377,0.974532185800568,1.01882254855104,0.710122260440826,NA,NA,0.205227242756865,0.363892537041284,NA,NA
"658","ID_261",0.876590246678787,0.894939701595397,0.913825866934874,0.588186710062903,NA,NA,0.205227242756865,0.363892537041284,NA,NA
"659","ID_455",-1.06893968211613,-1.13113229977114,0.78304453660666,0.488900096063421,0.775280962570014,0.892072051463271,0.205227242756865,0.363892537041284,NA,NA
"660","ID_108",NA,NA,NA,NA,NA,NA,NA,NA,NA,NA
"661","ID_88",0.302099333543414,0.251198878549855,-0.638915869565038,-0.508345319419587,NA,NA,0.205227242756865,0.363892537041284,NA,NA
"662","ID_283",1.56059828158125,2.02680222795635,0.396355923539471,0.187855227564748,0.713354871960008,0.861136943319613,0.205227242756865,0.363892537041284,1.16220785291547,0.735946390137874
"663","ID_117",NA,NA,NA,NA,NA,NA,NA,NA,NA,NA
"664","ID_373",-0.789242577288128,-0.711439780053885,0.78304453660666,0.513236502748841,NA,NA,0.205227242756865,0.363892537041284,NA,NA
"665","ID_563",0.512758681858154,0.456847997236911,0.249822887612784,0.0838165130354355,-0.762643340923054,-0.603682087709898,NA,NA,NA,NA
"666","ID_276",0.795433523709637,0.844891479407732,0.515804865848437,0.293972671976706,NA,NA,0.205227242756865,0.363892537041284,NA,NA
"667","ID_185",-2.03820645388202,-3.1373563201965,-2.07177473160069,-1.54858682251823,-2.55809344729348,-2.63649195047128,-1.87883208771795,-3.12646575816846,NA,NA
"668","ID_115",0.126284730323243,-0.00428593026526332,0.994179371944142,0.613900739947995,NA,NA,0.205227242756865,0.363892537041284,NA,NA
"669","ID_54",0.347807104331722,0.251198878549855,2.4481487228926,2.09792257099407,0.3925001634815,0.411713567109841,0.205227242756865,0.363892537041284,NA,NA
"670","ID_225",NA,NA,NA,NA,NA,NA,NA,NA,NA,NA
"671","ID_596",0.982920488239005,1.00246912212432,0.311349274594063,0.139986510145989,NA,NA,0.205227242756865,0.363892537041284,NA,NA
"672","ID_151",-0.0609738913868077,-0.17228477204438,-1.1992194764235,-0.966524480230233,NA,NA,0.205227242756865,0.363892537041284,NA,NA
"673","ID_775",NA,NA,NA,NA,NA,NA,NA,NA,NA,NA
"674","ID_336",-1.046347524962,-0.99541209596284,0.873616570117455,0.603567347238253,NA,NA,0.205227242756865,0.363892537041284,NA,NA
"675","ID_325",0.921007448799635,1.03121080455441,-1.89349101947677,-1.38520844297202,NA,NA,0.205227242756865,0.363892537041284,NA,NA
"676","ID_222",0.591052743209226,0.559278035210623,0.16132446486126,0.0193208616607856,-0.0739682718162876,0.0491894073147829,NA,NA,3.08221214755025,1.08823753038196
"677","ID_249",NA,NA,NA,NA,NA,NA,NA,NA,NA,NA
"678","ID_134",NA,NA,NA,NA,NA,NA,NA,NA,NA,NA
"679","ID_694",-0.590678429932239,-0.485582153778937,-0.151585311254789,-0.118340085296295,NA,NA,0.205227242756865,0.363892537041284,NA,NA
"680","ID_99",1.47220785454518,1.85791429532746,-0.865818945778925,-0.715656884772066,NA,NA,0.205227242756865,0.363892537041284,NA,NA
"681","ID_291",-0.989397420502441,-0.927389055863113,-0.0622401601074947,-0.0924364456914288,NA,NA,0.205227242756865,0.363892537041284,NA,NA
"682","ID_470",1.41426496631261,1.83437794415085,2.32739413683162,1.88177322469347,NA,NA,0.205227242756865,0.363892537041284,NA,NA
"683","ID_598",0.420813555998202,0.386572116568759,-0.280163475468047,-0.200980698001033,-0.337617323949223,-0.0914421322496556,0.205227242756865,0.363892537041284,NA,NA
"684","ID_289",NA,NA,NA,NA,NA,NA,NA,NA,NA,NA
"685","ID_133",NA,NA,NA,NA,NA,NA,NA,NA,NA,NA
"686","ID_601",0.378362472401995,0.327185953614219,0.829148103531969,0.479246791722608,-0.25259065136415,-0.442492365992981,0.205227242756865,0.363892537041284,NA,NA
"687","ID_596",0.991859324936452,1.03853030797102,0.292081525835232,0.148662900976292,NA,NA,0.205227242756865,0.363892537041284,NA,NA
"688","ID_519",-0.0116653674089134,-0.111665357795779,-0.785456930398427,-0.640027065653181,NA,NA,0.205227242756865,0.363892537041284,NA,NA
"689","ID_82",1.46290057341862,1.76927190303867,0.179607086691333,0.0279097971110478,NA,NA,0.205227242756865,0.363892537041284,NA,NA
"690","ID_702",-1.63975021478698,-1.74914762001192,1.11568850304706,0.760755993506215,0.176789093100181,0.155152748509902,0.205227242756865,0.363892537041284,-0.507330050860695,-0.933501788792553
"691","ID_511",-0.902218730899165,-0.832707787695282,-1.39917087168231,-1.03743052934689,-1.22769915265902,-1.46583062970568,0.205227242756865,0.363892537041284,NA,NA
"692","ID_733",0.655545905660086,0.711439780053885,0.86037411637419,0.537880617043207,NA,NA,0.205227242756865,0.363892537041284,NA,NA
"693","ID_272",0.403676163149716,0.304659959085942,-1.08347208708279,-0.801524865104548,0.383383325264422,0.497403096523168,-0.851836164035041,-1.86645974343551,NA,NA
"694","ID_333",NA,NA,NA,NA,NA,NA,NA,NA,NA,NA
"695","ID_600",NA,NA,NA,NA,NA,NA,NA,NA,NA,NA
"696","ID_681",NA,NA,-1.43045300229437,-1.04481026126245,-0.565457421569803,-1.06181637791224,-1.87730875950331,-2.91712960292909,NA,NA
"697","ID_738",0.66777193133635,0.651965111680898,2.0249682245954,1.54858682251823,NA,NA,0.205227242756865,0.363892537041284,NA,NA
"698","ID_344",-0.310339369192582,-0.322667827159513,0.0795120769797157,0.0536914955480636,1.03669798662875,1.22360724983374,0.205227242756865,0.363892537041284,NA,NA
"699","ID_20",1.15251422012442,1.31166930484845,0.814411653568039,0.49374382158264,NA,NA,0.205227242756865,0.363892537041284,NA,NA
"700","ID_574",0.604815222355564,0.544307050690038,1.41562559713268,0.973394856392653,NA,NA,0.205227242756865,0.363892537041284,NA,NA
"701","ID_354",-1.23870087767959,-1.32186362263657,-2.04487453441306,-1.41962364482254,-0.882143247753195,-0.990495913997779,0.205227242756865,0.363892537041284,NA,NA
"702","ID_590",0.708472408635455,0.662602620929005,2.20152108473446,1.76848394609316,1.06275331100852,-0.75408860983809,0.205227242756865,0.363892537041284,2.14580560077094,1.08823753038196
"703","ID_135",0.0685893400005793,-0.0686284810500283,0.10849953005022,0.0193208616607856,0.781479382098552,0.36625548373727,0.205227242756865,0.363892537041284,NA,NA
"704","ID_260",0.42593020607244,0.395825269294339,-0.83749279041758,-0.619092040757418,0.988031348719444,1.98155922103529,0.205227242756865,0.363892537041284,NA,NA
"705","ID_439",-0.871299516131776,-0.733694599990742,-1.39917087168231,-1.03743052934689,0.0847607001700404,0.197962773423502,0.205227242756865,0.363892537041284,NA,NA
"706","ID_736",0.71809043254996,0.711439780053885,-0.291568503584155,-0.276087839236932,NA,NA,0.205227242756865,0.363892537041284,NA,NA
"707","ID_356",NA,NA,NA,NA,NA,NA,NA,NA,NA,NA
"708","ID_736",0.728334840129138,0.667949535020623,-0.272904523893214,-0.200980698001033,NA,NA,0.205227242756865,0.363892537041284,NA,NA
"709","ID_443",NA,NA,NA,NA,NA,NA,NA,NA,NA,NA
"710","ID_705",NA,NA,0.0294865726177123,-0.0279097971110478,0.126141669038963,0.0843907135111633,NA,NA,NA,NA
"711","ID_229",-0.0116653674089134,-0.107353674127854,-0.444139283938846,-0.384955602966728,0.383383325264422,0.36625548373727,0.205227242756865,0.363892537041284,NA,NA
"712","ID_533",NA,NA,NA,NA,NA,NA,NA,NA,NA,NA
"713","ID_464",1.57167379889259,2.23216961372889,1.40650593144403,0.959699402987895,0.3925001634815,0.497403096523168,0.205227242756865,0.363892537041284,NA,NA
"714","ID_465",NA,NA,NA,NA,NA,NA,NA,NA,NA,NA
"715","ID_455",-1.0735703553264,-1.09141022272522,0.780000811882528,0.50346626137098,0.470549798479665,0.513363686724051,0.205227242756865,0.363892537041284,NA,NA
"716","ID_658",1.02937754016758,1.16424363484924,0.941567475298417,0.655913902634908,-0.40874638197503,-0.233913530870916,NA,NA,NA,NA
"717","ID_385",NA,NA,NA,NA,NA,NA,NA,NA,NA,NA
"718","ID_177",NA,NA,NA,NA,NA,NA,NA,NA,NA,NA
"719","ID_37",0.284734630228963,0.18971163847311,-1.02766833415261,-0.825429043033357,NA,NA,0.205227242756865,0.363892537041284,NA,NA
"720","ID_436",NA,NA,NA,NA,NA,NA,NA,NA,NA,NA
"721","ID_338",-1.71387158706256,-2.09861732839,-1.15045091432081,-0.913119157664007,NA,NA,-0.911369135930803,-2.01727053691623,NA,NA
"722","ID_539",-1.12840129583576,-1.16424363484924,-0.456420480874991,-0.384955602966728,NA,NA,0.205227242756865,0.363892537041284,NA,NA
"723","ID_468",NA,NA,NA,NA,NA,NA,NA,NA,NA,NA
"724","ID_455",-1.08074066853697,-1.09141022272522,0.787489685374628,0.498599153115577,0.527030656085877,0.620623020685303,0.205227242756865,0.363892537041284,NA,NA
"725","ID_225",NA,NA,NA,NA,NA,NA,NA,NA,NA,NA
"726","ID_636",-1.15149687770227,-1.20751719759533,-1.89349101947677,-1.35235917193416,-0.762643340923054,-1.12565854627118,NA,NA,NA,NA
"727","ID_568",-0.759423799791097,-0.56932854439886,-0.416661612809631,-0.343663996241626,NA,NA,0.205227242756865,0.363892537041284,NA,NA
"728","ID_772",-0.938672785604592,-0.773543739323837,1.64519358640326,1.2521889803634,0.611257015508528,0.343812698614431,NA,NA,NA,NA
"729","ID_41",0.71809043254996,0.750626752982483,-1.41243961081717,-1.04481026126245,0.538204464386418,1.11252673241822,NA,NA,NA,NA
"730","ID_311",0.784277375969002,0.80870318909702,0.582032278224828,0.330032681551839,-0.271406161824673,-0.505367312326653,0.205227242756865,0.363892537041284,NA,NA
"731","ID_196",-1.34234822367575,-1.56383676462338,-2.62035342357728,-1.69186473538855,NA,NA,0.205227242756865,0.363892537041284,NA,NA
"732","ID_148",-1.36022336815093,-1.60905908216316,2.85770488459122,2.62974441034264,NA,NA,0.205227242756865,0.363892537041284,NA,NA
"733","ID_777",-0.310339369192582,-0.300173605794358,1.64519358640326,1.28090052979002,0.495826447374213,0.513363686724051,0.205227242756865,0.363892537041284,NA,NA
"734","ID_76",1.34876569323409,1.54945041222226,0.924201991657072,0.572943908970618,0.88104800840317,1.15252123377143,0.205227242756865,0.363892537041284,NA,NA
"735","ID_712",NA,NA,NA,NA,NA,NA,NA,NA,NA,NA
"736","ID_749",0.284734630228963,0.220351152649719,NA,NA,0.4587438565924,-0.284768475590346,NA,NA,NA,NA
"737","ID_277",1.16656272823208,1.25317720420112,-0.700851305460708,-0.547829569039437,NA,NA,0.205227242756865,0.363892537041284,NA,NA
"738","ID_88",0.300251698924665,0.233544244563501,-0.632528150259363,-0.508345319419587,NA,NA,0.205227242756865,0.363892537041284,NA,NA
"739","ID_355",NA,NA,NA,NA,NA,NA,NA,NA,NA,NA
"740","ID_455",-1.06360278068312,-1.07599448619418,0.742164244005277,0.464849742602886,0.470549798479665,0.489470280929446,0.205227242756865,0.363892537041284,NA,NA
"741","ID_72",-0.780784763910378,-0.711439780053885,-1.71399513924851,-1.28090052979002,-0.385362700189903,-0.586912529965213,0.205227242756865,0.363892537041284,-0.507330050860695,-0.933501788792553
"742","ID_12",0.362504317813709,0.331710765608475,1.48335655077143,1.00134845178616,0.576483599115033,-0.226700664564355,0.205227242756865,0.363892537041284,NA,NA
"743","ID_64",-1.11190549545262,-1.22547515025541,-0.757131041229335,-0.578009899207275,1.24807019579734,1.65510863035765,0.205227242756865,0.363892537041284,NA,NA
"744","ID_493",NA,NA,NA,NA,NA,NA,NA,NA,NA,NA
"745","ID_305",0.203528859039436,0.0815225893324912,1.80013025018732,1.41962364482254,0.610474159191813,1.01369707415898,0.205227242756865,0.363892537041284,NA,NA
"746","ID_4",NA,NA,NA,NA,NA,NA,NA,NA,NA,NA
"747","ID_374",NA,NA,NA,NA,NA,NA,NA,NA,NA,NA
"748","ID_537",NA,NA,NA,NA,NA,NA,NA,NA,NA,NA
"749","ID_372",-1.63249210608935,-1.83437794415085,-2.04487453441306,-1.41962364482254,0.5619961359892,0.913177899663905,0.205227242756865,0.363892537041284,NA,NA
"750","ID_530",NA,NA,NA,NA,NA,NA,NA,NA,NA,NA
"751","ID_532",NA,NA,NA,NA,NA,NA,NA,NA,NA,NA
"752","ID_598",0.42091461520757,0.381957965762707,-0.280163475468047,-0.227338213613976,0.0284823633409725,-0.105558965120928,0.205227242756865,0.363892537041284,NA,NA
"753","ID_759",NA,NA,0.609646316076609,0.408177494174464,-0.154618013693077,-0.851006980069119,NA,NA,NA,NA
"754","ID_698",0.708472408635455,0.744959009658693,2.16879353444246,1.83361014666028,NA,NA,0.205227242756865,0.363892537041284,NA,NA
"755","ID_331",-1.10283131172224,-1.1475307819931,-2.74175775479184,-1.74835323834614,NA,NA,0.205227242756865,0.363892537041284,NA,NA
"756","ID_456",0.184490574775471,0.103043984309708,0.609646316076609,0.389583013477438,NA,NA,0.205227242756865,0.363892537041284,NA,NA
"757","ID_365",0.492711120306204,0.442622535979127,1.2280710200604,0.862197930690262,0.518899749325109,0.427052434911801,0.205227242756865,0.363892537041284,NA,NA
"758","ID_438",NA,NA,NA,NA,NA,NA,NA,NA,NA,NA
"759","ID_326",-0.0443603679518231,-0.154910048837999,0.840749231089743,0.498599153115577,0.335882847422262,0.314153769582552,NA,NA,NA,NA
"760","ID_672",0.876590246678787,0.974532185800568,1.83151310962802,1.41962364482254,0.258451470164033,0.205131022130855,0.205227242756865,0.363892537041284,-0.835003291576283,-0.735946390137874
"761","ID_395",-0.0027190948763962,-0.0815225893324912,-0.626805922526101,-0.523055959621233,NA,NA,0.205227242756865,0.363892537041284,NA,NA
"762","ID_461",NA,NA,NA,NA,NA,NA,NA,NA,NA,NA
"763","ID_60",-0.440065252548973,-0.419109216413675,0.515804865848437,0.339113254565477,NA,NA,0.205227242756865,0.363892537041284,NA,NA
"764","ID_585",-0.852704285895802,-0.773543739323837,NA,NA,-1.70873616204097,-1.30147483074328,NA,NA,NA,NA
"765","ID_39",0.214637121853247,0.0729251443517117,0.526787605127872,0.32550262124696,NA,NA,0.205227242756865,0.363892537041284,NA,NA
"766","ID_260",0.42091461520757,0.349879138847678,-0.881479555926053,-0.671967956789139,1.48345761962283,1.87012740884496,0.205227242756865,0.363892537041284,NA,NA
"767","ID_332",-0.759423799791097,-0.610126120319026,0.0225234700517026,-0.0536914955480638,0.988031348719444,2.09312005518267,0.205227242756865,0.363892537041284,NA,NA
"768","ID_337",1.20219592263532,1.44443957570645,1.23133327849998,0.887371051597061,1.02331950598238,1.13898723582333,0.205227242756865,0.363892537041284,0.0511638167581691,-0.258836088402492
"769","ID_225",NA,NA,NA,NA,NA,NA,NA,NA,NA,NA
"770","ID_185",-2.26590596469349,-3.1373563201965,-2.03590523561772,-1.65700749840193,-2.15732956473003,-2.45812053634849,-1.91803864048858,-3.63878562907233,NA,NA
"771","ID_753",-1.52654151757555,-1.93547941260258,-0.286738470945334,-0.285018865132091,-2.55809344729348,-1.84997519895801,-1.4995781616288,-2.3194416138972,NA,NA
"772","ID_72",-0.772515258284337,-0.636145477894124,-1.76589868734203,-1.23360700300046,-0.0478823274701176,-0.521392995560622,0.205227242756865,0.363892537041284,-0.445114672098973,-0.0232738968253184
"773","ID_640",0.936755508254319,0.967665969230513,1.45863491829146,1.06729865000947,-0.154618013693077,-0.801607042106925,0.205227242756865,0.363892537041284,NA,NA
"774","ID_626",-0.964582812712086,-0.914293889192846,1.63007227106281,1.29070925321534,-0.714644109023776,-0.717267317546088,0.205227242756865,0.363892537041284,NA,NA
"775","ID_426",1.41771759241478,1.71089946514873,1.33865501120001,1.02283796156331,NA,NA,0.205227242756865,0.363892537041284,NA,NA
"776","ID_383",NA,NA,NA,NA,NA,NA,NA,NA,NA,NA
"777","ID_420",1.11809217860089,1.38613705468279,-0.10000282310263,-0.161698701930205,NA,NA,0.205227242756865,0.363892537041284,NA,NA
"778","ID_342",NA,NA,NA,NA,NA,NA,NA,NA,NA,NA
